"(PDH-CSV 4.0) (SA Pacific Standard Time)(300)","\\WEB-PAGOS-01\Processor(_Total)\% Processor Time","\\WEB-PAGOS-01\Memory\Available MBytes","\\WEB-PAGOS-01\LogicalDisk(C:)\% Free Space","\\WEB-PAGOS-01\LogicalDisk(C:)\Free Megabytes","\\WEB-PAGOS-01\Process(w3wp)\Private Bytes","\\WEB-PAGOS-01\Web Service(PortalPagos)\Current Connections"
"09/14/2026 00:00:00.000","6.619345","5971","40.452213","49459","322561159","1"
"09/14/2026 00:05:00.000","7.495757","5982","40.451678","49458","327928348","1"
"09/14/2026 00:10:00.000","8.136816","5986","40.450755","49457","321685885","1"
"09/14/2026 00:15:00.000","4.152157","5919","40.450270","49457","322684645","1"
"09/14/2026 00:20:00.000","10.638099","5990","40.449638","49456","321912206","3"
"09/14/2026 00:25:00.000","7.165817","5924","40.448764","49455","324374878","3"
"09/14/2026 00:30:00.000","7.732527","6004","40.447938","49454","329274663","3"
"09/14/2026 00:35:00.000","10.025633","6017","40.447404","49453","329245651","4"
"09/14/2026 00:40:00.000","5.501943","5920","40.446675","49452","322870651","3"
"09/14/2026 00:45:00.000","4.152709","6021","40.445995","49452","323700515","0"
"09/14/2026 00:50:00.000","5.318998","5965","40.445363","49451","323172466","4"
"09/14/2026 00:55:00.000","7.565146","6016","40.444538","49450","327330516","2"
"09/14/2026 01:00:00.000","6.628501","5995","40.443906","49449","330377205","2"
"09/14/2026 01:05:00.000","9.412819","5931","40.443178","49448","325696309","2"
"09/14/2026 01:10:00.000","7.361987","6017","40.442400","49447","326649841","4"
"09/14/2026 01:15:00.000","6.772376","5918","40.441672","49446","328605912","2"
"09/14/2026 01:20:00.000","5.228169","5995","40.441137","49446","321056712","4"
"09/14/2026 01:25:00.000","6.955007","5980","40.440409","49445","321604791","1"
"09/14/2026 01:30:00.000","12.747208","6005","40.439437","49444","323753095","7"
"09/14/2026 01:35:00.000","10.013549","5993","40.438611","49443","325358716","8"
"09/14/2026 01:40:00.000","11.506483","5947","40.437688","49441","324884028","7"
"09/14/2026 01:45:00.000","5.345273","6025","40.437106","49441","324227610","2"
"09/14/2026 01:50:00.000","6.860023","5965","40.436474","49440","323171943","2"
"09/14/2026 01:55:00.000","9.713917","5993","40.435745","49439","321659281","1"
"09/14/2026 02:00:00.000","10.329629","5941","40.457368","49465","324084236","3"
"09/14/2026 02:05:00.000","9.177325","6023","40.456591","49464","326994547","3"
"09/14/2026 02:10:00.000","6.117669","6017","40.456300","49464","321775845","2"
"09/14/2026 02:15:00.000","10.451996","6027","40.455571","49463","322012576","5"
"09/14/2026 02:20:00.000","8.455508","5980","40.455037","49463","323188301","3"
"09/14/2026 02:25:00.000","8.290264","5948","40.454211","49462","323877277","5"
"09/14/2026 02:30:00.000","12.699254","6021","40.453191","49460","327654693","7"
"09/14/2026 02:35:00.000","5.383951","6018","40.452608","49460","323247863","1"
"09/14/2026 02:40:00.000","5.086063","5945","40.452025","49459","326593913","2"
"09/14/2026 02:45:00.000","9.899239","5980","40.451393","49458","329527401","4"
"09/14/2026 02:50:00.000","7.633609","5923","40.450956","49458","324039172","0"
"09/14/2026 02:55:00.000","6.036577","5980","40.450325","49457","325159920","2"
"09/14/2026 03:00:00.000","6.482953","5944","40.449645","49456","327361557","0"
"09/14/2026 03:05:00.000","9.839902","6015","40.449013","49455","322006550","1"
"09/14/2026 03:10:00.000","8.614787","6003","40.448430","49455","326707165","1"
"09/14/2026 03:15:00.000","6.067436","5924","40.447750","49454","325047157","3"
"09/14/2026 03:20:00.000","7.758007","5923","40.446924","49453","325564215","2"
"09/14/2026 03:25:00.000","6.582923","5988","40.446293","49452","323107498","1"
"09/14/2026 03:30:00.000","6.737632","5967","40.445467","49451","319497766","2"
"09/14/2026 03:35:00.000","5.102847","5937","40.444933","49450","320283510","3"
"09/14/2026 03:40:00.000","5.671982","5982","40.444058","49449","325978746","1"
"09/14/2026 03:45:00.000","8.524762","5953","40.443184","49448","325750853","2"
"09/14/2026 03:50:00.000","4.316776","5987","40.442747","49448","320545323","0"
"09/14/2026 03:55:00.000","9.049480","6006","40.441727","49446","326831375","6"
"09/14/2026 04:00:00.000","5.761775","5968","40.441290","49446","324484613","4"
"09/14/2026 04:05:00.000","9.987340","5989","40.440561","49445","328149478","1"
"09/14/2026 04:10:00.000","10.667432","5945","40.439589","49444","325373544","2"
"09/14/2026 04:15:00.000","8.451997","5954","40.438958","49443","326453039","6"
"09/14/2026 04:20:00.000","10.790492","5922","40.438326","49442","322014264","4"
"09/14/2026 04:25:00.000","6.978241","5966","40.437792","49442","323866327","0"
"09/14/2026 04:30:00.000","9.394513","5995","40.437452","49441","330588139","4"
"09/14/2026 04:35:00.000","5.821982","5926","40.436723","49440","327095747","3"
"09/14/2026 04:40:00.000","8.341461","5973","40.435995","49439","324463495","2"
"09/14/2026 04:45:00.000","6.577077","5912","40.435218","49438","330781603","5"
"09/14/2026 04:50:00.000","7.513464","6003","40.434246","49437","325302038","2"
"09/14/2026 04:55:00.000","5.697885","5909","40.433663","49436","331569846","4"
"09/14/2026 05:00:00.000","8.267017","6012","40.432789","49435","330971719","3"
"09/14/2026 05:05:00.000","5.848918","5951","40.432109","49435","324234489","1"
"09/14/2026 05:10:00.000","6.464550","5963","40.431526","49434","324814619","3"
"09/14/2026 05:15:00.000","10.869984","5969","40.430651","49433","322596546","7"
"09/14/2026 05:20:00.000","4.527496","5924","40.430360","49432","324986853","1"
"09/14/2026 05:25:00.000","11.668751","5978","40.429340","49431","327496644","5"
"09/14/2026 05:30:00.000","10.098633","5944","40.428514","49430","322133146","3"
"09/14/2026 05:35:00.000","5.556017","5965","40.427640","49429","324137486","3"
"09/14/2026 05:40:00.000","10.965244","5978","40.426717","49428","325516701","6"
"09/14/2026 05:45:00.000","6.410995","5973","40.425745","49427","328221787","3"
"09/14/2026 05:50:00.000","7.989249","5979","40.424871","49426","325450206","3"
"09/14/2026 05:55:00.000","8.858303","6001","40.424482","49425","322165666","2"
"09/14/2026 06:00:00.000","6.963126","5975","40.423851","49424","322906312","0"
"09/14/2026 06:05:00.000","4.950530","6025","40.422685","49423","323253473","1"
"09/14/2026 06:10:00.000","4.456154","5929","40.422248","49423","319393872","0"
"09/14/2026 06:15:00.000","8.046774","6017","40.420936","49421","322415111","5"
"09/14/2026 06:20:00.000","4.729638","6016","40.420062","49420","317652653","1"
"09/14/2026 06:25:00.000","5.108933","5993","40.419333","49419","314817831","0"
"09/14/2026 06:30:00.000","9.694677","5955","40.418459","49418","321512626","4"
"09/14/2026 06:35:00.000","9.175534","5979","40.417099","49416","314662053","3"
"09/14/2026 06:40:00.000","7.592366","5914","40.416030","49415","319531559","5"
"09/14/2026 06:45:00.000","9.458293","6015","40.414718","49413","319181647","3"
"09/14/2026 06:50:00.000","8.655130","5997","40.413455","49412","318391871","5"
"09/14/2026 06:55:00.000","8.140209","5991","40.411852","49410","319398925","6"
"09/14/2026 07:00:00.000","8.507463","5975","40.409764","49407","320389783","9"
"09/14/2026 07:05:00.000","10.384934","5956","40.408209","49405","318147169","4"
"09/14/2026 07:10:00.000","9.656370","5954","40.406169","49403","321294205","5"
"09/14/2026 07:15:00.000","8.199610","5994","40.405003","49401","317392992","7"
"09/14/2026 07:20:00.000","8.940021","6006","40.403157","49399","322381292","4"
"09/14/2026 07:25:00.000","11.652343","6010","40.401117","49397","323298941","6"
"09/14/2026 07:30:00.000","10.716042","5981","40.399271","49394","317727833","4"
"09/14/2026 07:35:00.000","9.089641","5997","40.396551","49391","323323853","6"
"09/14/2026 07:40:00.000","12.951574","5969","40.394025","49388","320337327","11"
"09/14/2026 07:45:00.000","9.257539","5975","40.390479","49384","319120828","8"
"09/14/2026 07:50:00.000","16.562083","6027","40.387856","49380","324274379","14"
"09/14/2026 07:55:00.000","17.731361","5942","40.384795","49377","319870342","17"
"09/14/2026 08:00:00.000","12.461960","5989","40.380909","49372","320365776","15"
"09/14/2026 08:05:00.000","16.757954","5989","40.376586","49367","317531172","20"
"09/14/2026 08:10:00.000","13.078192","5924","40.372846","49362","321047127","13"
"09/14/2026 08:15:00.000","18.976250","5938","40.368862","49357","322753830","18"
"09/14/2026 08:20:00.000","19.731661","5925","40.364053","49351","322575311","20"
"09/14/2026 08:25:00.000","10.537997","5996","40.359487","49346","319736504","9"
"09/14/2026 08:30:00.000","17.162765","5971","40.354144","49339","317968771","21"
"09/14/2026 08:35:00.000","16.903679","6016","40.348558","49332","324894478","20"
"09/14/2026 08:40:00.000","15.817398","5933","40.343068","49326","324487076","19"
"09/14/2026 08:45:00.000","27.071883","5972","40.336899","49318","324211040","28"
"09/14/2026 08:50:00.000","27.514602","5951","40.329661","49309","321331677","30"
"09/14/2026 08:55:00.000","18.253232","6008","40.322958","49301","320666653","20"
"09/14/2026 09:00:00.000","20.731029","6009","40.316449","49293","323727508","27"
"09/14/2026 09:05:00.000","26.327055","6007","40.307802","49283","325023625","36"
"09/14/2026 09:10:00.000","23.123343","5958","40.299496","49272","321378881","22"
"09/14/2026 09:15:00.000","31.280621","5986","40.290703","49262","323568925","37"
"09/14/2026 09:20:00.000","21.780238","6007","40.282688","49252","323250478","27"
"09/14/2026 09:25:00.000","25.585387","5928","40.274867","49242","326888156","38"
"09/14/2026 09:30:00.000","21.165308","5995","40.266318","49232","327934869","30"
"09/14/2026 09:35:00.000","25.796452","5966","40.256749","49220","324737045","35"
"09/14/2026 09:40:00.000","30.990703","6008","40.246985","49208","329076965","39"
"09/14/2026 09:45:00.000","27.994945","5966","40.237950","49197","327964700","35"
"09/14/2026 09:50:00.000","28.313514","5910","40.227603","49185","327473583","37"
"09/14/2026 09:55:00.000","29.467945","5996","40.217305","49172","322504981","43"
"09/14/2026 10:00:00.000","37.277417","5935","40.207104","49159","325420829","46"
"09/14/2026 10:05:00.000","33.011848","6024","40.195931","49146","322897543","43"
"09/14/2026 10:10:00.000","30.447147","6023","40.185730","49133","326953248","37"
"09/14/2026 10:15:00.000","30.318181","5951","40.175675","49121","323306140","36"
"09/14/2026 10:20:00.000","33.760705","6025","40.164405","49107","322007628","41"
"09/14/2026 10:25:00.000","28.957756","5995","40.153038","49093","322587441","35"
"09/14/2026 10:30:00.000","34.316618","6007","40.141137","49079","318707752","43"
"09/14/2026 10:35:00.000","27.643855","5974","40.131616","49067","326588863","30"
"09/14/2026 10:40:00.000","36.424118","5942","40.120298","49053","328207502","45"
"09/14/2026 10:45:00.000","31.331812","6007","40.110777","49042","329707683","38"
"09/14/2026 10:50:00.000","33.895261","5936","40.099070","49027","324237138","44"
"09/14/2026 10:55:00.000","22.568677","5913","40.089258","49015","326444166","29"
"09/14/2026 11:00:00.000","35.892473","5993","40.078182","49002","329550728","48"
"09/14/2026 11:05:00.000","24.867285","6008","40.068321","48990","324761947","27"
"09/14/2026 11:10:00.000","30.353444","5925","40.056809","48976","326960945","38"
"09/14/2026 11:15:00.000","31.473945","5983","40.046656","48963","325331804","38"
"09/14/2026 11:20:00.000","25.882651","5988","40.037864","48953","324595917","33"
"09/14/2026 11:25:00.000","25.056570","5955","40.028878","48942","325604971","26"
"09/14/2026 11:30:00.000","29.220940","6021","40.019551","48930","319231529","37"
"09/14/2026 11:35:00.000","25.736506","6016","40.010661","48919","324142213","29"
"09/14/2026 11:40:00.000","15.121001","5925","40.003181","48910","320409398","19"
"09/14/2026 11:45:00.000","21.583734","5986","39.994291","48899","323757245","26"
"09/14/2026 11:50:00.000","24.394437","5950","39.986568","48890","319260767","33"
"09/14/2026 11:55:00.000","24.092762","6023","39.978213","48880","321796738","26"
"09/14/2026 12:00:00.000","20.320851","5921","39.971363","48871","324500692","22"
"09/14/2026 12:05:00.000","22.936758","5954","39.964077","48862","326953202","28"
"09/14/2026 12:10:00.000","21.661935","5998","39.957519","48854","321038217","28"
"09/14/2026 12:15:00.000","16.086603","5957","39.950864","48846","322090702","21"
"09/14/2026 12:20:00.000","25.426968","5940","39.944792","48839","318990587","28"
"09/14/2026 12:25:00.000","20.081789","5990","39.939449","48832","326388499","20"
"09/14/2026 12:30:00.000","19.881355","5947","39.933182","48825","322968517","25"
"09/14/2026 12:35:00.000","21.576197","5975","39.927693","48818","324645753","22"
"09/14/2026 12:40:00.000","15.559946","6014","39.922496","48811","325310123","21"
"09/14/2026 12:45:00.000","23.528481","5947","39.916084","48804","321704419","31"
"09/14/2026 12:50:00.000","22.501494","5987","39.909914","48796","322565895","30"
"09/14/2026 12:55:00.000","14.477235","5989","39.905251","48790","320468074","15"
"09/14/2026 13:00:00.000","22.032200","6021","39.899373","48783","322203200","25"
"09/14/2026 13:05:00.000","17.092333","5936","39.893981","48777","319970255","17"
"09/14/2026 13:10:00.000","15.004602","5983","39.888395","48770","321646562","15"
"09/14/2026 13:15:00.000","16.317964","5918","39.883392","48764","322449386","14"
"09/14/2026 13:20:00.000","24.212139","6029","39.878146","48757","322626195","27"
"09/14/2026 13:25:00.000","18.326264","5923","39.873094","48751","323779773","16"
"09/14/2026 13:30:00.000","16.446415","5960","39.868042","48745","320360580","22"
"09/14/2026 13:35:00.000","17.432318","5940","39.862844","48739","320693580","22"
"09/14/2026 13:40:00.000","26.541275","5931","39.855800","48730","317130436","32"
"09/14/2026 13:45:00.000","14.746457","5916","39.850263","48723","317991592","17"
"09/14/2026 13:50:00.000","28.180967","5962","39.843754","48715","322051200","36"
"09/14/2026 13:55:00.000","21.108133","6003","39.837827","48708","322717606","25"
"09/14/2026 14:00:00.000","20.203745","5933","39.830978","48700","322636189","22"
"09/14/2026 14:05:00.000","17.431715","6006","39.824615","48692","318768157","22"
"09/14/2026 14:10:00.000","20.233524","6007","39.818543","48684","317337049","20"
"09/14/2026 14:15:00.000","19.753413","5959","39.811596","48676","319964270","25"
"09/14/2026 14:20:00.000","17.387512","5917","39.804358","48667","322741612","24"
"09/14/2026 14:25:00.000","22.859558","5984","39.796683","48658","320906764","26"
"09/14/2026 14:30:00.000","27.008841","5951","39.788037","48647","317819586","33"
"09/14/2026 14:35:00.000","23.254764","5954","39.781139","48639","321676168","31"
"09/14/2026 14:40:00.000","28.032493","6023","39.772784","48628","322999821","35"
"09/14/2026 14:45:00.000","27.276293","5975","39.763894","48618","318214675","30"
"09/14/2026 14:50:00.000","30.001293","5982","39.755151","48607","323444939","38"
"09/14/2026 14:55:00.000","20.503562","5977","39.746310","48596","322367197","27"
"09/14/2026 15:00:00.000","28.542583","6024","39.737129","48585","325600503","33"
"09/14/2026 15:05:00.000","27.931780","5946","39.728531","48574","319313249","37"
"09/14/2026 15:10:00.000","27.530752","5968","39.720176","48564","324339048","31"
"09/14/2026 15:15:00.000","23.429990","5990","39.711189","48553","318800145","32"
"09/14/2026 15:20:00.000","26.627250","5924","39.701474","48541","320271985","38"
"09/14/2026 15:25:00.000","21.330417","5996","39.691661","48529","324468848","31"
"09/14/2026 15:30:00.000","17.107663","5940","39.682821","48518","324421884","19"
"09/14/2026 15:35:00.000","29.295394","5993","39.673931","48508","318880257","41"
"09/14/2026 15:40:00.000","32.664466","5966","39.664070","48496","321265811","42"
"09/14/2026 15:45:00.000","28.532946","5928","39.654452","48484","324529232","38"
"09/14/2026 15:50:00.000","24.088285","6027","39.645417","48473","324720694","32"
"09/14/2026 15:55:00.000","27.681801","5937","39.635993","48461","319415223","35"
"09/14/2026 16:00:00.000","23.495153","5935","39.626229","48449","324993292","32"
"09/14/2026 16:05:00.000","20.319003","6024","39.618311","48440","321320725","23"
"09/14/2026 16:10:00.000","25.846663","5923","39.609811","48429","322855152","28"
"09/14/2026 16:15:00.000","27.358275","5996","39.601601","48419","321106480","34"
"09/14/2026 16:20:00.000","28.567368","6029","39.593683","48409","323890947","37"
"09/14/2026 16:25:00.000","29.324206","5960","39.584697","48398","325106662","38"
"09/14/2026 16:30:00.000","26.946961","5983","39.576099","48388","319601531","35"
"09/14/2026 16:35:00.000","22.255791","5997","39.568909","48379","324028732","25"
"09/14/2026 16:40:00.000","25.834944","5982","39.562254","48371","319880156","31"
"09/14/2026 16:45:00.000","18.425895","5963","39.556085","48363","322331284","22"
"09/14/2026 16:50:00.000","26.785167","6004","39.548702","48354","320526586","29"
"09/14/2026 16:55:00.000","18.269269","6016","39.542241","48347","327323251","23"
"09/14/2026 17:00:00.000","14.777188","6024","39.536315","48339","326436724","16"
"09/14/2026 17:05:00.000","16.950923","5925","39.531603","48334","322364952","19"
"09/14/2026 17:10:00.000","16.794305","5928","39.526162","48327","320480746","17"
"09/14/2026 17:15:00.000","17.762331","5908","39.521159","48321","321829113","22"
"09/14/2026 17:20:00.000","12.168036","6010","39.516398","48315","326598094","16"
"09/14/2026 17:25:00.000","10.617756","5956","39.512075","48310","323063047","7"
"09/14/2026 17:30:00.000","11.372754","5932","39.507655","48304","325373410","11"
"09/14/2026 17:35:00.000","13.519838","5980","39.504400","48300","329302922","11"
"09/14/2026 17:40:00.000","11.110715","5906","39.501437","48297","327165446","9"
"09/14/2026 17:45:00.000","19.154623","6005","39.497551","48292","327802985","19"
"09/14/2026 17:50:00.000","10.286568","5920","39.494976","48289","325097193","9"
"09/14/2026 17:55:00.000","14.340074","5912","39.491916","48285","329130429","11"
"09/14/2026 18:00:00.000","14.753330","5939","39.488904","48281","326745698","15"
"09/14/2026 18:05:00.000","9.807831","5998","39.486281","48278","325069980","8"
"09/14/2026 18:10:00.000","11.145164","6012","39.482978","48274","327117590","8"
"09/14/2026 18:15:00.000","16.465238","5973","39.480986","48272","327242367","15"
"09/14/2026 18:20:00.000","12.020109","5938","39.477683","48268","321287771","13"
"09/14/2026 18:25:00.000","14.653130","5978","39.474963","48264","320010978","14"
"09/14/2026 18:30:00.000","18.320459","5925","39.471757","48260","326078649","17"
"09/14/2026 18:35:00.000","14.892322","5943","39.468794","48257","328237904","14"
"09/14/2026 18:40:00.000","13.064677","5983","39.466025","48253","324278515","10"
"09/14/2026 18:45:00.000","11.166157","5944","39.463693","48251","322709871","13"
"09/14/2026 18:50:00.000","9.552399","5923","39.461410","48248","326444238","4"
"09/14/2026 18:55:00.000","16.198642","5996","39.458496","48244","330516325","14"
"09/14/2026 19:00:00.000","11.559099","5956","39.456310","48241","329080539","8"
"09/14/2026 19:05:00.000","13.187317","5915","39.453347","48238","332065469","9"
"09/14/2026 19:10:00.000","15.244957","5950","39.450286","48234","324938881","16"
"09/14/2026 19:15:00.000","14.565043","5975","39.447226","48230","327170314","9"
"09/14/2026 19:20:00.000","12.016889","5969","39.444457","48227","324365329","15"
"09/14/2026 19:25:00.000","10.569955","5984","39.441834","48224","325649013","5"
"09/14/2026 19:30:00.000","14.276942","5939","39.438239","48219","324195644","19"
"09/14/2026 19:35:00.000","12.430644","6024","39.435082","48216","329887574","9"
"09/14/2026 19:40:00.000","18.486563","5924","39.431244","48211","326353324","16"
"09/14/2026 19:45:00.000","17.228097","6001","39.427213","48206","328843703","13"
"09/14/2026 19:50:00.000","16.073715","5951","39.423132","48201","330021452","14"
"09/14/2026 19:55:00.000","16.435803","5977","39.419489","48196","326590354","15"
"09/14/2026 20:00:00.000","12.429942","5916","39.416720","48193","328806244","12"
"09/14/2026 20:05:00.000","10.327026","5918","39.414243","48190","326155818","11"
"09/14/2026 20:10:00.000","12.911154","6007","39.410599","48186","327967060","16"
"09/14/2026 20:15:00.000","14.972636","5905","39.407151","48181","331607482","12"
"09/14/2026 20:20:00.000","14.514655","6021","39.404479","48178","325282001","11"
"09/14/2026 20:25:00.000","13.401796","5920","39.401613","48175","328681541","10"
"09/14/2026 20:30:00.000","13.739585","5991","39.398504","48171","327127827","10"
"09/14/2026 20:35:00.000","11.799139","5979","39.395687","48167","326834538","10"
"09/14/2026 20:40:00.000","7.281079","5940","39.393063","48164","329190422","4"
"09/14/2026 20:45:00.000","13.546838","5951","39.390392","48161","325017000","11"
"09/14/2026 20:50:00.000","10.887740","5961","39.387623","48158","325005069","10"
"09/14/2026 20:55:00.000","8.967890","5907","39.385291","48155","322560605","7"
"09/14/2026 21:00:00.000","9.107629","5924","39.383445","48152","321311737","6"
"09/14/2026 21:05:00.000","10.229472","5947","39.380919","48149","325035292","12"
"09/14/2026 21:10:00.000","10.420821","5947","39.378588","48146","322343805","10"
"09/14/2026 21:15:00.000","7.986654","5948","39.376062","48143","326465931","4"
"09/14/2026 21:20:00.000","5.670125","5982","39.373827","48141","322724091","2"
"09/14/2026 21:25:00.000","9.102110","6022","39.371690","48138","325062881","6"
"09/14/2026 21:30:00.000","13.297899","5968","39.369650","48136","328091048","9"
"09/14/2026 21:35:00.000","12.806042","5908","39.367950","48133","326963458","7"
"09/14/2026 21:40:00.000","10.845111","6003","39.366055","48131","326239566","8"
"09/14/2026 21:45:00.000","10.419947","5931","39.364646","48129","326025989","8"
"09/14/2026 21:50:00.000","10.826991","5976","39.363238","48128","328447035","6"
"09/14/2026 21:55:00.000","6.879107","5996","39.362023","48126","330846538","3"
"09/14/2026 22:00:00.000","8.374164","5918","39.361149","48125","325520779","6"
"09/14/2026 22:05:00.000","9.347068","5962","39.359983","48124","325231221","4"
"09/14/2026 22:10:00.000","7.048519","5958","39.359157","48123","324416701","5"
"09/14/2026 22:15:00.000","9.797859","6018","39.357943","48121","329583172","8"
"09/14/2026 22:20:00.000","9.660804","5927","39.356680","48120","324112656","3"
"09/14/2026 22:25:00.000","7.177918","5910","39.355805","48119","327278120","3"
"09/14/2026 22:30:00.000","6.457636","5947","39.355320","48118","329326210","1"
"09/14/2026 22:35:00.000","12.778401","5914","39.354543","48117","323816572","5"
"09/14/2026 22:40:00.000","7.345390","5965","39.353960","48116","330191082","2"
"09/14/2026 22:45:00.000","10.740966","6021","39.352891","48115","329515187","4"
"09/14/2026 22:50:00.000","9.160513","6010","39.352259","48114","329168888","0"
"09/14/2026 22:55:00.000","7.294872","6014","39.351142","48113","327770913","1"
"09/14/2026 23:00:00.000","8.408488","5916","39.350511","48112","332104692","5"
"09/14/2026 23:05:00.000","9.829996","5934","39.349733","48111","328747250","4"
"09/14/2026 23:10:00.000","9.527579","5990","39.349005","48110","325592329","7"
"09/14/2026 23:15:00.000","7.315212","5931","39.348130","48109","327304961","1"
"09/14/2026 23:20:00.000","8.649653","5913","39.347159","48108","331518747","5"
"09/14/2026 23:25:00.000","6.144540","5987","39.346770","48108","328522723","2"
"09/14/2026 23:30:00.000","7.372714","5954","39.346236","48107","326140845","3"
"09/14/2026 23:35:00.000","10.614737","6018","39.345119","48106","325241655","4"
"09/14/2026 23:40:00.000","10.274394","5960","39.344584","48105","326619623","2"
"09/14/2026 23:45:00.000","3.617165","5904","39.344293","48105","331006005","1"
"09/14/2026 23:50:00.000","3.504844","5954","39.343856","48104","332117677","1"
"09/14/2026 23:55:00.000","8.743065","5985","39.343079","48103","327033873","5"
"09/15/2026 00:00:00.000","6.615018","6018","39.342253","48102","330067758","0"
"09/15/2026 00:05:00.000","6.827279","6016","39.341476","48101","324332896","4"
"09/15/2026 00:10:00.000","4.806566","5963","39.340990","48100","331772194","1"
"09/15/2026 00:15:00.000","6.498561","5997","39.340310","48100","324833505","4"
"09/15/2026 00:20:00.000","10.239641","5945","39.339484","48099","326404923","1"
"09/15/2026 00:25:00.000","6.511873","5923","39.338707","48098","331742947","4"
"09/15/2026 00:30:00.000","8.275158","5956","39.338124","48097","330776340","0"
"09/15/2026 00:35:00.000","10.345312","6004","39.337492","48096","328327462","6"
"09/15/2026 00:40:00.000","7.392677","5923","39.336812","48095","326851485","1"
"09/15/2026 00:45:00.000","9.426025","5963","39.335889","48094","331491815","4"
"09/15/2026 00:50:00.000","9.501949","6008","39.335112","48093","334373265","5"
"09/15/2026 00:55:00.000","6.827654","6005","39.334432","48092","326226375","5"
"09/15/2026 01:00:00.000","4.669891","5907","39.333898","48092","334469835","3"
"09/15/2026 01:05:00.000","7.335933","5984","39.333120","48091","331065142","1"
"09/15/2026 01:10:00.000","4.536204","5921","39.332635","48090","328726590","2"
"09/15/2026 01:15:00.000","8.352241","5954","39.331906","48089","333182302","5"
"09/15/2026 01:20:00.000","4.934081","5982","39.331469","48089","330966499","1"
"09/15/2026 01:25:00.000","12.108249","5904","39.330934","48088","333439273","5"
"09/15/2026 01:30:00.000","10.624009","5953","39.330012","48087","326064684","2"
"09/15/2026 01:35:00.000","6.364449","5901","39.329429","48086","328928035","2"
"09/15/2026 01:40:00.000","8.294884","5966","39.328360","48085","332194762","4"
"09/15/2026 01:45:00.000","5.421123","5978","39.327777","48084","335844545","3"
"09/15/2026 01:50:00.000","8.979023","5909","39.326660","48083","334064659","3"
"09/15/2026 01:55:00.000","8.079199","5948","39.326028","48082","328985931","5"
"09/15/2026 02:00:00.000","9.117467","5986","40.651223","49702","311438102","1"
"09/15/2026 02:05:00.000","5.103041","6025","40.650883","49702","317715670","3"
"09/15/2026 02:10:00.000","9.010907","5931","40.649911","49701","311911904","5"
"09/15/2026 02:15:00.000","6.664988","5995","40.649231","49700","313361820","0"
"09/15/2026 02:20:00.000","5.092414","5923","40.648697","49699","318228634","3"
"09/15/2026 02:25:00.000","6.257083","5937","40.647823","49698","316123528","3"
"09/15/2026 02:30:00.000","10.654544","5953","40.647191","49698","317234607","5"
"09/15/2026 02:35:00.000","11.169882","5949","40.646365","49697","316394519","6"
"09/15/2026 02:40:00.000","8.070397","5983","40.645685","49696","315334238","3"
"09/15/2026 02:45:00.000","4.757712","6022","40.645054","49695","318082198","3"
"09/15/2026 02:50:00.000","6.532984","5934","40.644422","49694","310119083","2"
"09/15/2026 02:55:00.000","11.375923","5947","40.643645","49693","310965040","5"
"09/15/2026 03:00:00.000","5.569390","5985","40.642868","49692","312769619","0"
"09/15/2026 03:05:00.000","8.670761","6027","40.642091","49691","315505280","1"
"09/15/2026 03:10:00.000","7.228334","6012","40.641313","49690","308149305","6"
"09/15/2026 03:15:00.000","4.197585","5921","40.640828","49690","310207508","1"
"09/15/2026 03:20:00.000","10.575807","5923","40.640293","49689","315492693","4"
"09/15/2026 03:25:00.000","6.492869","5985","40.640050","49689","316060316","2"
"09/15/2026 03:30:00.000","5.478557","5966","40.639079","49688"," ","5"
"09/15/2026 03:35:00.000","10.054405","6008","40.638545","49687","314589544","4"
"09/15/2026 03:40:00.000","11.187588","5967","40.638059","49686","309879156","2"
"09/15/2026 03:45:00.000","10.310514","5999","40.637476","49686","307715213","2"
"09/15/2026 03:50:00.000","5.627802","5941","40.637233","49685","312089749","0"
"09/15/2026 03:55:00.000","5.014807","5999","40.636650","49685","312053879","3"
"09/15/2026 04:00:00.000","9.825541","5928","40.636067","49684","309989278","4"
"09/15/2026 04:05:00.000","7.212785","5959","40.635484","49683","316272534","0"
"09/15/2026 04:10:00.000","10.543976","5973","40.634998","49683","313369730","5"
"09/15/2026 04:15:00.000","4.815781","6008","40.634173","49682","309676784","1"
"09/15/2026 04:20:00.000","8.076025","5935","40.633250","49680","312598029","3"
"09/15/2026 04:25:00.000","4.487888","5959","40.632958","49680","313321771","2"
"09/15/2026 04:30:00.000","7.802314","5954","40.632181","49679","316764073","2"
"09/15/2026 04:35:00.000","8.276382","6005","40.631744","49679","317930400","1"
"09/15/2026 04:40:00.000","8.363768","6014","40.630821","49678","310306068","2"
"09/15/2026 04:45:00.000","8.566043","5972","40.630335","49677","313988695","6"
"09/15/2026 04:50:00.000","6.983657","5942","40.629752","49676","312837821","2"
"09/15/2026 04:55:00.000","10.597417","6012","40.629218","49676","318205681","4"
"09/15/2026 05:00:00.000","10.352349","5949","40.628149","49674","310656274","6"
"09/15/2026 05:05:00.000","4.040837","5970","40.627615","49674","312926616","2"
"09/15/2026 05:10:00.000","5.851709","6016","40.626983","49673","313848942","0"
"09/15/2026 05:15:00.000","6.129018","5984","40.626449","49672","315954583","1"
"09/15/2026 05:20:00.000","8.248123","5994","40.625623","49671","312376146","3"
"09/15/2026 05:25:00.000","9.665786","6018","40.624409","49670","317393358","2"
"09/15/2026 05:30:00.000","7.001595","6014","40.624020","49669","313127886","3"
"09/15/2026 05:35:00.000","5.976355","5994","40.623486","49669","313338465","2"
"09/15/2026 05:40:00.000","4.535529","5922","40.622660","49668","313092264","2"
"09/15/2026 05:45:00.000","8.656121","5986","40.621834","49667","316900997","5"
"09/15/2026 05:50:00.000","8.567091","5968","40.620717","49665","312709510","4"
"09/15/2026 05:55:00.000","8.317793","6019","40.619940","49664","311280891","1"
"09/15/2026 06:00:00.000","6.366152","5998","40.619065","49663","317210157","5"
"09/15/2026 06:05:00.000","9.499511","6028","40.618483","49662","312243241","3"
"09/15/2026 06:10:00.000","13.055247","5944","40.617171","49661"," ","7"
"09/15/2026 06:15:00.000","10.501419","5923","40.616102","49660","311288817","6"
"09/15/2026 06:20:00.000","7.225151","6028","40.614985","49658","316237593","8"
"09/15/2026 06:25:00.000","8.069302","5918","40.613965","49657","312277427","4"
"09/15/2026 06:30:00.000","7.663415","5924","40.613139","49656","312558106","1"
"09/15/2026 06:35:00.000","4.973758","6035","40.611973","49654","315143983","3"
"09/15/2026 06:40:00.000","10.609555","6029","40.610322","49652","313506633","2"
"09/15/2026 06:45:00.000","8.365824","6027","40.609059","49651","309812101","5"
"09/15/2026 06:50:00.000","8.085926","5931","40.607747","49649","316467752","7"
"09/15/2026 06:55:00.000","8.017028","6008","40.606630","49648","309102190","2"
"09/15/2026 07:00:00.000","9.375605","6026","40.605221","49646","312467543","6"
"09/15/2026 07:05:00.000","10.322158","6028","40.603910","49645","309429150","2"
"09/15/2026 07:10:00.000","13.311083","5956","40.602258","49643","312133317","10"
"09/15/2026 07:15:00.000","11.550436","6030","40.600461","49640","309208647","5"
"09/15/2026 07:20:00.000","11.879934","5932","40.598955","49639","312839269","5"
"09/15/2026 07:25:00.000","6.646257","6010","40.596866","49636","308603411","3"
"09/15/2026 07:30:00.000","14.529283","6033","40.594292","49633","314715917","13"
"09/15/2026 07:35:00.000","14.610578","5924","40.591766","49630","312126750","9"
"09/15/2026 07:40:00.000","10.942524","6018","40.589823","49627","311246403","6"
"09/15/2026 07:45:00.000","10.624639","6025","40.588122","49625","309618423","4"
"09/15/2026 07:50:00.000","11.525167","5991","40.585159","49622","313169371","11"
"09/15/2026 07:55:00.000","17.795200","5981","40.582293","49618","305091502","14"
"09/15/2026 08:00:00.000","12.613640","6010","40.579184","49614","313124023","11"
"09/15/2026 08:05:00.000","14.758525","5931","40.575493","49610","307876388","10"
"09/15/2026 08:10:00.000","17.725615","6020","40.571606","49605","311579091","15"
"09/15/2026 08:15:00.000","15.460177","5947","40.566943","49599","311374646","15"
"09/15/2026 08:20:00.000","17.538334","5986","40.562960","49595","305596410","14"
"09/15/2026 08:25:00.000","15.590535","5923","40.558588","49589","307905818","17"
"09/15/2026 08:30:00.000","15.050537","6024","40.554265","49584","309627891","18"
"09/15/2026 08:35:00.000","13.356136","6004","40.548921","49577","306690058","18"
"09/15/2026 08:40:00.000","23.203071","6040","40.543821","49571","311136712","23"
"09/15/2026 08:45:00.000","19.409059","5981","40.538235","49564","309472634","21"
"09/15/2026 08:50:00.000","17.929836","5966","40.533037","49558","310162501","19"
"09/15/2026 08:55:00.000","11.426925","5991","40.528179","49552","306773066","13"
"09/15/2026 09:00:00.000","19.241795","5979","40.521719","49544","306069906","22"
"09/15/2026 09:05:00.000","23.118489","6036","40.515744","49537","309625492","28"
"09/15/2026 09:10:00.000","20.010293","6013","40.507777","49527","309955897","26"
"09/15/2026 09:15:00.000","17.309299","6040","40.500928","49519","308503712","21"
"09/15/2026 09:20:00.000","27.377176","5972","40.493545","49510","311495812","32"
"09/15/2026 09:25:00.000","27.901372","5984","40.485141","49499","311391316","38"
"09/15/2026 09:30:00.000","27.248735","6016","40.475328","49487","308435273","34"
"09/15/2026 09:35:00.000","27.845029","5963","40.466973","49477","308819198","37"
"09/15/2026 09:40:00.000","24.799057","5982","40.458764","49467","311892595","26"
"09/15/2026 09:45:00.000","25.431020","6016","40.449777","49456","312460460","33"
"09/15/2026 09:50:00.000","24.718030","5962","40.439771","49444","306900547","32"
"09/15/2026 09:55:00.000","21.722168","5960","40.430395","49432","310360013","30"
"09/15/2026 10:00:00.000","33.682269","6031","40.420923","49421","311341909","44"
"09/15/2026 10:05:00.000","28.419291","6001","40.410431","49408","304749827","34"
"09/15/2026 10:10:00.000","30.290513","6018","40.400035","49395","306991658","33"
"09/15/2026 10:15:00.000","36.370270","6041","40.389591","49383","308844230","45"
"09/15/2026 10:20:00.000","26.597430","5954","40.380362","49371","304299416","29"
"09/15/2026 10:25:00.000","28.005342","5950","40.371327","49360","304696246","37"
"09/15/2026 10:30:00.000","23.431196","6046","40.360640","49347","301429996","33"
"09/15/2026 10:35:00.000","25.787045","5975","40.350585","49335","299850872","37"
"09/15/2026 10:40:00.000","29.326240","6028","40.341210","49323","301290002","38"
"09/15/2026 10:45:00.000","30.740912","5992","40.329551","49309","303904225","41"
"09/15/2026 10:50:00.000","27.296485","5946","40.319399","49297","299968387","41"
"09/15/2026 10:55:00.000","29.142421","5938","40.309198","49284","303647617","32"
"09/15/2026 11:00:00.000","28.484875","6000","40.299288","49272","299025226","33"
"09/15/2026 11:05:00.000","21.299748","6000","40.289330","49260","303934276","26"
"09/15/2026 11:10:00.000","25.908998","6034","40.279712","49248","301465642","35"
"09/15/2026 11:15:00.000","24.538904","5967","40.269900","49236","302663120","35"
"09/15/2026 11:20:00.000","27.293411","5939","40.260087","49224","304035345","35"
"09/15/2026 11:25:00.000","29.175176","5970","40.250275","49212","302976387","40"
"09/15/2026 11:30:00.000","23.516309","6038","40.241531","49202","301253277","25"
"09/15/2026 11:35:00.000","27.638475","6029","40.233079","49191","302025297","40"
"09/15/2026 11:40:00.000","15.498469","6040","40.225744","49182","305446367","20"
"09/15/2026 11:45:00.000","29.959163","5929","40.217389","49172","304426160","41"
"09/15/2026 11:50:00.000","21.662767","6037","40.209908","49163","310063780","26"
"09/15/2026 11:55:00.000","21.921087","5981","40.201893","49153","305677049","27"
"09/15/2026 12:00:00.000","22.850219","6030","40.194898","49145","308625665","33"
"09/15/2026 12:05:00.000","21.342219","6029","40.187514","49136","306185549","26"
"09/15/2026 12:10:00.000","20.828612","6002","40.181199","49128","304813307","23"
"09/15/2026 12:15:00.000","15.529333","6046","40.174739","49120","303619760","13"
"09/15/2026 12:20:00.000","17.559514","5962","40.168230","49112","306113611","21"
"09/15/2026 12:25:00.000","13.158310","5991","40.163032","49106","306293037","14"
"09/15/2026 12:30:00.000","16.322922","5992","40.157980","49099","310057595","17"
"09/15/2026 12:35:00.000","16.712234","5975","40.152248","49092","305896604","21"
"09/15/2026 12:40:00.000","20.079560","6007","40.146516","49085","305324961","24"
"09/15/2026 12:45:00.000","19.154893","6010","40.141076","49079","306742059","24"
"09/15/2026 12:50:00.000","13.776453","6031","40.136558","49073","310698668","16"
"09/15/2026 12:55:00.000","17.538148","6016","40.131555","49067","308463003","19"
"09/15/2026 13:00:00.000","23.119833","6036","40.126065","49060","307480462","27"
"09/15/2026 13:05:00.000","15.315927","5961","40.121256","49054","305868876","20"
"09/15/2026 13:10:00.000","15.985098","5932","40.116010","49048","311038364","21"
"09/15/2026 13:15:00.000","14.828830","6016","40.110813","49042","308240385","14"
"09/15/2026 13:20:00.000","22.781280","5984","40.105469","49035","312208184","26"
"09/15/2026 13:25:00.000","16.549034","6008","40.100612","49029","313229593","20"
"09/15/2026 13:30:00.000","19.667042","5944","40.095948","49024","305585849","20"
"09/15/2026 13:35:00.000","16.836054","5953","40.090556","49017","306597200","24"
"09/15/2026 13:40:00.000","16.481246","5935","40.085407","49011","302160255","20"
"09/15/2026 13:45:00.000","11.439129","5991","40.080987","49005","304017080","8"
"09/15/2026 13:50:00.000","20.477762","6043","40.075158","48998","306007944","24"
"09/15/2026 13:55:00.000","24.142279","6011","40.068746","48990","305299438","31"
"09/15/2026 14:00:00.000","18.580425","6036","40.063159","48983","304048373","19"
"09/15/2026 14:05:00.000","21.347884","5976","40.057379","48976","307964213","23"
"09/15/2026 14:10:00.000","26.385289","6043","40.050335","48968","303012777","29"
"09/15/2026 14:15:00.000","21.883284","5954","40.042903","48959","302913130","28"
"09/15/2026 14:20:00.000","23.360514","6015","40.035471","48950","304296584","22"
"09/15/2026 14:25:00.000","25.316385","5956","40.028136","48941","302682742","28"
"09/15/2026 14:30:00.000","23.635574","5938","40.019586","48930","302782317","22"
"09/15/2026 14:35:00.000","23.621364","5999","40.012737","48922","300805146","29"
"09/15/2026 14:40:00.000","24.678626","6016","40.005256","48913","300033495","30"
"09/15/2026 14:45:00.000","29.159475","6038","39.996950","48903","302301341","34"
"09/15/2026 14:50:00.000","24.307576","5982","39.990489","48895","306375393","27"
"09/15/2026 14:55:00.000","21.711765","5930","39.982668","48885","303886690","29"
"09/15/2026 15:00:00.000","21.169392","6008","39.974945","48876","299400328","27"
"09/15/2026 15:05:00.000","26.200798","5980","39.967416","48866","300578617","31"
"09/15/2026 15:10:00.000","30.852950","5945","39.957603","48854","298671463","38"
"09/15/2026 15:15:00.000","23.805289","5961","39.950025","48845","299399632","29"
"09/15/2026 15:20:00.000","23.877203","6037","39.941427","48835","305234237","31"
"09/15/2026 15:25:00.000","26.396455","6011","39.932489","48824","303219355","28"
"09/15/2026 15:30:00.000","20.656169","6048","39.923308","48812","301383956","22"
"09/15/2026 15:35:00.000","25.317790","6016","39.913350","48800","297649748","30"
"09/15/2026 15:40:00.000","31.483263","6024","39.904412","48789","299176291","39"
"09/15/2026 15:45:00.000","30.059973","5978","39.895571","48779","304835684","37"
"09/15/2026 15:50:00.000","31.156796","5963","39.886196","48767","297702415","36"
"09/15/2026 15:55:00.000","24.443343","5986","39.877501","48756","295584212","32"
"09/15/2026 16:00:00.000","22.043082","5994","39.868077","48745","301447655","29"
"09/15/2026 16:05:00.000","20.780783","5952","39.859868","48735","296576597","24"
"09/15/2026 16:10:00.000","33.510293","5971","39.851416","48725","297926684","45"
"09/15/2026 16:15:00.000","19.533261","5959","39.844032","48716","299910301","25"
"09/15/2026 16:20:00.000","22.344401","5938","39.836648","48707","297391986","25"
"09/15/2026 16:25:00.000","18.913329","6054","39.828730","48697","293874353","22"
"09/15/2026 16:30:00.000","20.786309","6055","39.821395","48688","292799705","24"
"09/15/2026 16:35:00.000","23.036393","6002","39.813963","48679","299120444","32"
"09/15/2026 16:40:00.000","16.112708","6036","39.807260","48671","292380340","20"
"09/15/2026 16:45:00.000","23.033838","5990","39.801285","48663","298509743","25"
"09/15/2026 16:50:00.000","21.769256","5949","39.794241","48655","293875363","30"
"09/15/2026 16:55:00.000","17.614175","5939","39.789821","48649","290674554","19"
"09/15/2026 17:00:00.000","22.115339","5982","39.784429","48643","290462432","21"
"09/15/2026 17:05:00.000","17.637726","5963","39.778503","48635","291693476","21"
"09/15/2026 17:10:00.000","21.945886","5951","39.773305","48629","297699695","23"
"09/15/2026 17:15:00.000","21.816212","6005","39.767864","48622","293130274","25"
"09/15/2026 17:20:00.000","15.456800","5999","39.764658","48618","294950018","15"
"09/15/2026 17:25:00.000","13.525005","6029","39.760675","48614","290454539","13"
"09/15/2026 17:30:00.000","20.339004","6041","39.756935","48609","291322452","20"
"09/15/2026 17:35:00.000","13.273998","5964","39.753292","48605","298213905","18"
"09/15/2026 17:40:00.000","12.576472","5984","39.750328","48601","296414946","11"
"09/15/2026 17:45:00.000","15.568071","5941","39.746637","48596","293335472","13"
"09/15/2026 17:50:00.000","12.631339","6003","39.743625","48593","296898523","5"
"09/15/2026 17:55:00.000","10.218268","6043","39.740273","48589","292419310","8"
"09/15/2026 18:00:00.000","12.627767","6030","39.737359","48585","294738119","10"
"09/15/2026 18:05:00.000","12.948132","5938","39.734930","48582","297355980","11"
"09/15/2026 18:10:00.000","13.293272","6014","39.732210","48579","291953596","9"
"09/15/2026 18:15:00.000","9.904485","6032","39.729926","48576","298830468","8"
"09/15/2026 18:20:00.000","9.882249","5961","39.728032","48574","295508070","5"
"09/15/2026 18:25:00.000","13.322976","6010","39.725943","48571","297577596","11"
"09/15/2026 18:30:00.000","8.554321","5954","39.723563","48568"," ","10"
"09/15/2026 18:35:00.000","10.522076","5997","39.721037","48565","296484381","4"
"09/15/2026 18:40:00.000","13.938684","5979","39.718608","48562","293518816","13"
"09/15/2026 18:45:00.000","13.298887","5992","39.715742","48559","295773199","9"
"09/15/2026 18:50:00.000","12.500471","5995","39.712925","48555","299761898","16"
"09/15/2026 18:55:00.000","5.100022","5989","39.710836","48553","293221892","1"
"09/15/2026 19:00:00.000","12.533860","6040","39.707630","48549","292089635","14"
"09/15/2026 19:05:00.000","8.705823","5963","39.705201","48546","297375889","6"
"09/15/2026 19:10:00.000","15.886425","6015","39.701704","48542","299133277","20"
"09/15/2026 19:15:00.000","16.307005","6019","39.699178","48538","299468206","11"
"09/15/2026 19:20:00.000","12.078507","6050","39.696312","48535","294798426","11"
"09/15/2026 19:25:00.000","12.842056","6001","39.693834","48532","296777715","12"
"09/15/2026 19:30:00.000","14.747784","6006","39.690483","48528","297620629","17"
"09/15/2026 19:35:00.000","7.805340","5982","39.687811","48525","297093353","2"
"09/15/2026 19:40:00.000","16.086742","5990","39.684993","48521","295531697","10"
"09/15/2026 19:45:00.000","16.272625","6010","39.681642","48517","296860211","16"
"09/15/2026 19:50:00.000","14.630027","5981","39.679067","48514","302763535","14"
"09/15/2026 19:55:00.000","15.124493","5974","39.676104","48510","301890221","10"
"09/15/2026 20:00:00.000","16.542692","5947","39.673529","48507","295121428","13"
"09/15/2026 20:05:00.000","9.559899","5959","39.670906","48504","295313221","1"
"09/15/2026 20:10:00.000","12.163425","6027","39.667457","48500","296862702","11"
"09/15/2026 20:15:00.000","15.544601","5941","39.664057","48495","298883816","18"
"09/15/2026 20:20:00.000","15.978199","6001","39.661143","48492","295019328","14"
"09/15/2026 20:25:00.000","14.596809","6000","39.658617","48489","295963861","10"
"09/15/2026 20:30:00.000","9.553657","5976","39.655945","48486","292880561","8"
"09/15/2026 20:35:00.000","7.785922","6001","39.653419","48482","300929896","9"
"09/15/2026 20:40:00.000","9.935011","6049","39.651233","48480","293931690","5"
"09/15/2026 20:45:00.000","11.951273","6038","39.648076","48476","297264362","11"
"09/15/2026 20:50:00.000","11.258986","5988","39.645987","48473","295217369","9"
"09/15/2026 20:55:00.000","10.049373","5965","39.643995","48471","300889567","12"
"09/15/2026 21:00:00.000","8.917795","5959","39.641275","48468","300733148","5"
"09/15/2026 21:05:00.000","7.152837","6038","39.639283","48465","294778452","2"
"09/15/2026 21:10:00.000","12.433144","6037","39.637680","48463","296009272","8"
"09/15/2026 21:15:00.000","11.408888","6008","39.635883","48461","292421545","7"
"09/15/2026 21:20:00.000","9.560542","6013","39.634183","48459","291584518","8"
"09/15/2026 21:25:00.000","14.936836","6027","39.632094","48456","293184243","10"
"09/15/2026 21:30:00.000","11.032515","6013","39.630734","48455","293225258","4"
"09/15/2026 21:35:00.000","8.961609","6025","39.629568","48453","293464312","5"
"09/15/2026 21:40:00.000","11.255646","6029","39.627868","48451","296042570","3"
"09/15/2026 21:45:00.000","12.996399","6046","39.626411","48449","300981659","9"
"09/15/2026 21:50:00.000","10.615637","5994","39.624953","48448","296644767","8"
"09/15/2026 21:55:00.000","10.427146","5982","39.623399","48446","293147718","10"
"09/15/2026 22:00:00.000","8.119619","5976","39.621942","48444","293448913","4"
"09/15/2026 22:05:00.000","5.610925","5938","39.616598","48437","299999534","2"
"09/15/2026 22:10:00.000","8.897849","5965","39.611983","48432","299153748","7"
"09/15/2026 22:15:00.000","3.087722","6005","39.609312","48429","293711879","0"
"09/15/2026 22:20:00.000","12.759198","6046","39.604454","48423","299347708","7"
"09/15/2026 22:25:00.000","5.835077","6034","39.601297","48419","297462757","0"
"09/15/2026 22:30:00.000","11.328270","5936","39.597896","48415","294740287","5"
"09/15/2026 22:35:00.000","10.775255","6047","39.592796","48408","298489116","6"
"09/15/2026 22:40:00.000","4.762181","5952","39.588424","48403","298811814","5"
"09/15/2026 22:45:00.000","7.645696","6002","39.584295","48398","297326399","5"
"09/15/2026 22:50:00.000","5.749266","5954","39.580652","48394","300778530","2"
"09/15/2026 22:55:00.000","11.838277","5935","39.575794","48388","299452816","4"
"09/15/2026 23:00:00.000","10.913537","6013","39.571422","48382","299597644","3"
"09/15/2026 23:05:00.000","6.250156","5977","39.568993","48379","297607198","1"
"09/15/2026 23:10:00.000","5.956585","5944","39.565350","48375","302385036","2"
"09/15/2026 23:15:00.000","5.001828","5978","39.561950","48371","302986196","1"
"09/15/2026 23:20:00.000","6.814856","6023","39.559035","48367","297924701","3"
"09/15/2026 23:25:00.000","5.690733","5972","39.556121","48364","304434077","1"
"09/15/2026 23:30:00.000","6.021691","5978","39.553935","48361","300650907","1"
"09/15/2026 23:35:00.000","5.698040","5934","39.550292","48356","302899703","5"
"09/15/2026 23:40:00.000","8.463901","5943","39.547863","48353","304647602","1"
"09/15/2026 23:45:00.000","6.315008","6002","39.544948","48350","309774005","3"
"09/15/2026 23:50:00.000","10.044550","5988","39.540819","48345","306222684","1"
"09/15/2026 23:55:00.000","8.564068","6037","39.538876","48342","304226748","2"
"09/16/2026 00:00:00.000","7.715750","6027","39.535962","48339","311377622","5"
"09/16/2026 00:05:00.000","7.700860","5952","39.531833","48334","311477850","2"
"09/16/2026 00:10:00.000","6.948019","6020","39.527218","48328","305863177","2"
"09/16/2026 00:15:00.000","8.461529","5965","39.521146","48321","305178695","6"
"09/16/2026 00:20:00.000","8.992136","5974","39.518960","48318","314801368","0"
"09/16/2026 00:25:00.000","7.530018","5982","39.514102","48312","315891003","3"
"09/16/2026 00:30:00.000","5.121332","6024","39.511916","48309","311111422","2"
"09/16/2026 00:35:00.000","3.578210","6009","39.509730","48307","314812027","0"
"09/16/2026 00:40:00.000","9.124962","5938","39.507787","48304","316279269","2"
"09/16/2026 00:45:00.000","6.947996","5939","39.503901","48300","316283053","5"
"09/16/2026 00:50:00.000","9.077717","5940","39.500015","48295","315925480","1"
"09/16/2026 00:55:00.000","4.173191","6015","39.497344","48292","310440643","0"
"09/16/2026 01:00:00.000","6.542314","6033","39.495643","48290","309674816","4"
"09/16/2026 01:05:00.000","6.481490","5969","39.491514","48285","318633276","0"
"09/16/2026 01:10:00.000","7.633329","6008","39.489086","48282","316716471","0"
"09/16/2026 01:15:00.000","3.464901","5946","39.486900","48279","317217005","2"
"09/16/2026 01:20:00.000","7.450328","5951","39.484471","48276","312838703","3"
"09/16/2026 01:25:00.000","6.540463","5972","39.481556","48272","316993597","4"
"09/16/2026 01:30:00.000","5.520565","6016","39.479856","48270","320014354","0"
"09/16/2026 01:35:00.000","10.352408","6018","39.477184","48267","317807458","5"
"09/16/2026 01:40:00.000","5.864103","6031","39.474513","48264","316819236","1"
"09/16/2026 01:45:00.000","9.923033","6018","39.470627","48259","321995452","3"
"09/16/2026 01:50:00.000","12.093692","5944","39.466012","48253","321579943","6"
"09/16/2026 01:55:00.000","7.977707","5992","39.462854","48249","315039317","3"
"09/16/2026 02:00:00.000","10.734588","5945","39.458240","48244","320100396","4"
"09/16/2026 02:05:00.000","7.672138","5942","39.455325","48240","321515862","3"
"09/16/2026 02:10:00.000","6.442865","5944","39.451196","48235","325341394","2"
"09/16/2026 02:15:00.000","3.366758","5986","39.448282","48232","325221170","1"
"09/16/2026 02:20:00.000","9.450239","6005","39.444638","48227","330365137","5"
"09/16/2026 02:25:00.000","3.390480","5998","39.442938","48225","327253259","0"
"09/16/2026 02:30:00.000","8.541854","5980","39.439538","48221","323788554","1"
"09/16/2026 02:35:00.000","8.190432","5908","39.437838","48219","328827606","4"
"09/16/2026 02:40:00.000","6.642870","6020","39.435652","48216","328934018","1"
"09/16/2026 02:45:00.000","9.110938","5959","39.432737","48213","324568597","4"
"09/16/2026 02:50:00.000","10.951829","5915","39.428608","48208","331127783","6"
"09/16/2026 02:55:00.000","5.104060","5979","39.425936","48204","328613442","2"
"09/16/2026 03:00:00.000","6.068771","5977","39.421079","48198","329603210","6"
"09/16/2026 03:05:00.000","6.874007","5953","39.416950","48193","334508203","4"
"09/16/2026 03:10:00.000","6.543761","5946","39.415007","48191","331699725","0"
"09/16/2026 03:15:00.000","8.032759","5942","39.412092","48187","332578663","3"
"09/16/2026 03:20:00.000","4.952595","6002","39.409178","48184","330248085","0"
"09/16/2026 03:25:00.000","10.838352","5919","39.402620","48176","331712335","5"
"09/16/2026 03:30:00.000","7.624990","5972","39.398977","48171","336850700","2"
"09/16/2026 03:35:00.000","9.643577","5959","39.394605","48166","332109825","6"
"09/16/2026 03:40:00.000","5.740488","6000","39.392176","48163","332192591","2"
"09/16/2026 03:45:00.000","4.967443","6008","39.388533","48159","340186096","1"
"09/16/2026 03:50:00.000","8.477660","5925","39.385618","48155","340629822","1"
"09/16/2026 03:55:00.000","6.909478","5918","39.381246","48150","335262539","4"
"09/16/2026 04:00:00.000","7.194743","5959","39.377360","48145","338903529","4"
"09/16/2026 04:05:00.000","8.419778","5942","39.373474","48140","338121079","2"
"09/16/2026 04:10:00.000","11.804824","5954","39.369588","48135","336058026","6"
"09/16/2026 04:15:00.000","7.103694","5967","39.366673","48132","343396615","4"
"09/16/2026 04:20:00.000","5.850549","5935","39.363273","48128","343769560","0"
"09/16/2026 04:25:00.000","9.473960","5915","39.360116","48124","338284364","3"
"09/16/2026 04:30:00.000","8.170928","5979","39.356958","48120","336332384","3"
"09/16/2026 04:35:00.000","6.578076","5968","39.353801","48116","339877568","3"
"09/16/2026 04:40:00.000","6.826984","5892","39.349915","48111","341949675","1"
"09/16/2026 04:45:00.000","10.622431","5993","39.347486","48108","338854625","5"
"09/16/2026 04:50:00.000","7.601901","5940","39.343114","48103","336912235","5"
"09/16/2026 04:55:00.000","6.158646","5963","39.338985","48098","335769849","4"
"09/16/2026 05:00:00.000","9.197279","5913","39.335099","48093","341790814","1"
"09/16/2026 05:05:00.000","6.175554","5965","39.329756","48087","338541802","5"
"09/16/2026 05:10:00.000","10.218218","5942","39.325384","48081","342892243","6"
"09/16/2026 05:15:00.000","6.051372","6002","39.321255","48076","338520432","4"
"09/16/2026 05:20:00.000","8.917203","5917","39.318583","48073","335094563","6"
"09/16/2026 05:25:00.000","8.933060","5995","39.315911","48070","339183531","1"
"09/16/2026 05:30:00.000","6.384901","5949","39.311539","48064","340828154","2"
"09/16/2026 05:35:00.000","10.803546","5982","39.308139","48060","340104532","3"
"09/16/2026 05:40:00.000","5.416403","5905","39.304496","48056","339333367","2"
"09/16/2026 05:45:00.000","11.079408","5894","39.298424","48048","341019303","3"
"09/16/2026 05:50:00.000","4.983187","5956","39.293081","48042","338964629","3"
"09/16/2026 05:55:00.000","7.460524","5926","39.289437","48037","340828651","1"
"09/16/2026 06:00:00.000","8.309212","5922","39.286037","48033","339065326","1"
"09/16/2026 06:05:00.000","10.931610","5903","39.280208","48026","341797520","5"
"09/16/2026 06:10:00.000","6.224499","5954","39.275350","48020","339964431","3"
"09/16/2026 06:15:00.000","8.183367","5909","39.271221","48015","347135380","4"
"09/16/2026 06:20:00.000","9.916733","5941","39.267092","48010","346567761","0"
"09/16/2026 06:25:00.000","7.451227","5899","39.264178","48007","342620791","1"
"09/16/2026 06:30:00.000","10.500373","5946","39.258591","48000","348137151","6"
"09/16/2026 06:35:00.000","7.816635","5991","39.250576","47990","340683827","8"
"09/16/2026 06:40:00.000","8.645823","5997","39.242318","47980","344199897","7"
"09/16/2026 06:45:00.000","4.792671","5969","39.236489","47973","342724912","4"
"09/16/2026 06:50:00.000","8.372892","5934","39.230174","47965","343794345","7"
"09/16/2026 06:55:00.000","12.692104","5914","39.221188","47954","345897389","7"
"09/16/2026 07:00:00.000","12.731097","5976","39.215601","47947","350464255","6"
"09/16/2026 07:05:00.000","7.581950","5919","39.208072","47938","347574922","4"
"09/16/2026 07:10:00.000","7.983531","5880","39.200786","47929","355993934","8"
"09/16/2026 07:15:00.000","7.638568","5981","39.192771","47919","348120423","7"
"09/16/2026 07:20:00.000","7.107537","5905","39.184998","47910","357540022","3"
"09/16/2026 07:25:00.000","8.400992","5944","39.177226","47900","357226570","6"
"09/16/2026 07:30:00.000","10.931897","5952","39.168725","47890","357558400","7"
"09/16/2026 07:35:00.000","10.354440","5918","39.156581","47875","358410507","6"
"09/16/2026 07:40:00.000","12.575965","5885","39.144923","47861","354708748","13"
"09/16/2026 07:45:00.000","13.150633","5891","39.131565","47844","361005899","14"
"09/16/2026 07:50:00.000","11.163203","5933","39.117235","47827","363198336","13"
"09/16/2026 07:55:00.000","13.619509","5897","39.097561","47803","366482753","14"
"09/16/2026 08:00:00.000","15.847876","5983","39.082746","47785","365158774","12"
"09/16/2026 08:05:00.000","17.061269","5895","39.061372","47759","367877885","15"
"09/16/2026 08:10:00.000","11.871582","5937","39.039027","47731","376212822","16"
"09/16/2026 08:15:00.000","18.079672","5889","39.020568","47709","375173722","17"
"09/16/2026 08:20:00.000","17.153886","5851","38.995551","47678","380336796","14"
"09/16/2026 08:25:00.000","19.392772","5917","38.971020","47648","388863314","20"
"09/16/2026 08:30:00.000","18.489957","5942","38.949890","47622","395414141","22"
"09/16/2026 08:35:00.000","22.791609","5944","38.924387","47591","401643738","26"
"09/16/2026 08:40:00.000","23.323582","5885","38.897427","47558","398494698","28"
"09/16/2026 08:45:00.000","18.553091","5875","38.868282","47523","404817818","19"
"09/16/2026 08:50:00.000","18.107826","5880","38.840107","47488","408106317","21"
"09/16/2026 08:55:00.000","17.201655","5878","38.809504","47451","417503547","17"
"09/16/2026 09:00:00.000","24.493193","5882","38.770158","47403","427248867","34"
"09/16/2026 09:05:00.000","25.000641","5844","38.740283","47366","426317523","27"
"09/16/2026 09:10:00.000","30.848893","5803","38.697050","47313","433602370","39"
"09/16/2026 09:15:00.000","23.960337","5816","38.658189","47266","434348338","30"
"09/16/2026 09:20:00.000","25.149657","5831","38.615928","47214","443344654","33"
"09/16/2026 09:25:00.000","23.441962","5822","38.577310","47167","447092303","28"
"09/16/2026 09:30:00.000","29.365116","5890","38.532620","47112","449585926","39"
"09/16/2026 09:35:00.000","28.206505","5855","38.485987","47055","456842677","34"
"09/16/2026 09:40:00.000","32.386138","5831","38.434253","46992","461140542","48"
"09/16/2026 09:45:00.000","29.163950","5764","38.387134","46934","468165210","35"
"09/16/2026 09:50:00.000","25.474575","5857","38.334429","46870","474215372","30"
"09/16/2026 09:55:00.000","22.812120","5765","38.290467","46816","478354861","26"
"09/16/2026 10:00:00.000","24.255483","5744","38.241405","46756","491338281","33"
"09/16/2026 10:05:00.000","30.147618","5785","38.189186","46692","499773529","39"
"09/16/2026 10:10:00.000","35.156422","5764","38.130409","46620","504093639","45"
"09/16/2026 10:15:00.000","25.760912","5729","38.085476","46565","513709354","32"
"09/16/2026 10:20:00.000","32.292468","5737","38.027184","46494","520419329","40"
"09/16/2026 10:25:00.000","34.451240","5749","37.966707","46420","531910075","43"
"09/16/2026 10:30:00.000","33.887967","5729","37.908658","46349","536465220","45"
"09/16/2026 10:35:00.000","27.336249","5807","37.864211","46295","541061318","33"
"09/16/2026 10:40:00.000","29.913624","5741","37.809806","46228","553069342","39"
"09/16/2026 10:45:00.000","26.253907","5706","37.765116","46174","563992996","29"
"09/16/2026 10:50:00.000","34.268305","5688","37.711439","46108","572026920","43"
"09/16/2026 10:55:00.000","39.443834","5736","37.660920","46046","577903035","52"
"09/16/2026 11:00:00.000","28.916818","5756","37.608700","45983","586582862","32"
"09/16/2026 11:05:00.000","40.704739","5696","37.547980","45908","596568417","56"
"09/16/2026 11:10:00.000","26.425494","5659","37.494789","45843","601247372","35"
"09/16/2026 11:15:00.000","34.976838","5741","37.442570","45779","612408200","42"
"09/16/2026 11:20:00.000","35.060813","5722","37.388164","45713","619781747","46"
"09/16/2026 11:25:00.000","29.514264","5636","37.336431","45650","627803707","40"
"09/16/2026 11:30:00.000","23.488600","5633","37.295869","45600","635536619","33"
"09/16/2026 11:35:00.000","28.555893","5651","37.248993","45543","640409127","33"
"09/16/2026 11:40:00.000","25.877769","5634","37.201632","45485","649075989","29"
"09/16/2026 11:45:00.000","26.906532","5639","37.151355","45423","652465294","38"
"09/16/2026 11:50:00.000","26.698331","5585","37.110551","45373","657444132","29"
"09/16/2026 11:55:00.000","22.557647","5612","37.076062","45331","657796419","21"
"09/16/2026 12:00:00.000","17.882150","5685","37.036472","45283","661288908","23"
"09/16/2026 12:05:00.000","24.124376","5598","36.995911","45233","666446689","36"
"09/16/2026 12:10:00.000","23.068318","5625","36.958751","45188","677418575","31"
"09/16/2026 12:15:00.000","21.550279","5655","36.924019","45145","683963032","28"
"09/16/2026 12:20:00.000","19.610468","5603","36.896330","45112","687665249","25"
"09/16/2026 12:25:00.000","25.794732","5611","36.860384","45068","691936501","33"
"09/16/2026 12:30:00.000","18.788469","5628","36.832210","45033","689971289","15"
"09/16/2026 12:35:00.000","21.455592","5558","36.805493","45000","694483838","23"
"09/16/2026 12:40:00.000","17.157383","5615","36.774404","44962","707296384","21"
"09/16/2026 12:45:00.000","13.470168","5563","36.747930","44930","706803792","19"
"09/16/2026 12:50:00.000","17.183894","5525","36.718784","44894","713599038","20"
"09/16/2026 12:55:00.000","16.890555","5579","36.691581","44861","714130012","23"
"09/16/2026 13:00:00.000","15.869257","5559","36.667779","44832","721574097","18"
"09/16/2026 13:05:00.000","18.984282","5599","36.645191","44804","728178907","24"
"09/16/2026 13:10:00.000","17.259510","5506","36.618474","44772","733359407","19"
"09/16/2026 13:15:00.000","17.198177","5594","36.590543","44738","734909488","21"
"09/16/2026 13:20:00.000","15.112149","5605","36.560183","44701","738389131","18"
"09/16/2026 13:25:00.000","15.970126","5538","36.532251","44666","740535933","17"
"09/16/2026 13:30:00.000","16.265029","5583","36.505292","44633","741775279","17"
"09/16/2026 13:35:00.000","16.398415","5563","36.476146","44598","744702489","17"
"09/16/2026 13:40:00.000","18.902719","5594","36.446514","44562","753686873","20"
"09/16/2026 13:45:00.000","22.826249","5554","36.415426","44524","754991304","32"
"09/16/2026 13:50:00.000","26.542799","5532","36.384094","44485","759013068","29"
"09/16/2026 13:55:00.000","22.297929","5550","36.351791","44446","761256222","30"
"09/16/2026 14:00:00.000","17.853821","5525","36.322159","44410","766437485","20"
"09/16/2026 14:05:00.000","18.185124","5510","36.289127","44369","764757142","21"
"09/16/2026 14:10:00.000","19.696793","5462","36.252695","44325","775492492","22"
"09/16/2026 14:15:00.000","22.969791","5491","36.219663","44284","781751705","25"
"09/16/2026 14:20:00.000","19.102696","5511","36.184689","44241","785687577","22"
"09/16/2026 14:25:00.000","19.148436","5529","36.150685","44200","792455053","18"
"09/16/2026 14:30:00.000","19.737395","5498","36.112796","44154","799187807","25"
"09/16/2026 14:35:00.000","24.860170","5434","36.071263","44103","800891307","34"
"09/16/2026 14:40:00.000","22.233696","5429","36.034345","44058","808594347","29"
"09/16/2026 14:45:00.000","25.922156","5502","35.988684","44002","815481115","35"
"09/16/2026 14:50:00.000","25.228645","5488","35.942293","43945","823436962","35"
"09/16/2026 14:55:00.000","32.932457","5417","35.896389","43889","833616433","43"
"09/16/2026 15:00:00.000","23.758372","5483","35.850970","43833","841429852","28"
"09/16/2026 15:05:00.000","32.348364","5435","35.803608","43775","850584936","45"
"09/16/2026 15:10:00.000","27.978675","5404","35.762318","43725","860491772","36"
"09/16/2026 15:15:00.000","24.944634","5373","35.716657","43669","869104063","30"
"09/16/2026 15:20:00.000","30.643390","5427","35.665409","43607","874846487","39"
"09/16/2026 15:25:00.000","31.743045","5470","35.609546","43538","882969703","44"
"09/16/2026 15:30:00.000","25.153575","5405","35.562184","43480","885608833","30"
"09/16/2026 15:35:00.000","30.701098","5433","35.516766","43425","891044400","37"
"09/16/2026 15:40:00.000","32.063975","5424","35.468432","43366","895239146","39"
"09/16/2026 15:45:00.000","20.123745","5359","35.431029","43320","904376454","23"
"09/16/2026 15:50:00.000","21.775533","5371","35.389010","43269","914512212","30"
"09/16/2026 15:55:00.000","22.838625","5397","35.340677","43209","919677109","28"
"09/16/2026 16:00:00.000","29.636789","5319","35.296230","43155","931392494","35"
"09/16/2026 16:05:00.000","19.426185","5348","35.253240","43103","935379959","25"
"09/16/2026 16:10:00.000","19.299954","5359","35.222880","43065","941468609","25"
"09/16/2026 16:15:00.000","20.072861","5325","35.178432","43011","950529748","19"
"09/16/2026 16:20:00.000","23.592379","5375","35.140300","42964","954701809","34"
"09/16/2026 16:25:00.000","24.642229","5329","35.102411","42918","965255556","27"
"09/16/2026 16:30:00.000","22.540441","5302","35.066221","42874","962737198","26"
"09/16/2026 16:35:00.000","21.609274","5355","35.029546","42829","973885562","26"
"09/16/2026 16:40:00.000","22.527915","5284","34.991900","42783","977008303","28"
"09/16/2026 16:45:00.000","17.233548","5339","34.960568","42745","985361975","19"
"09/16/2026 16:50:00.000","15.400144","5273","34.928508","42706","986844906","21"
"09/16/2026 16:55:00.000","16.338476","5277","34.898148","42668","1000457499","18"
"09/16/2026 17:00:00.000","19.217083","5348","34.868273","42632","1003414950","18"
"09/16/2026 17:05:00.000","17.922519","5325","34.841799","42600","998336436","19"
"09/16/2026 17:10:00.000","20.826476","5340","34.812896","42564","1002992167","19"
"09/16/2026 17:15:00.000","15.854958","5235","34.784236","42529","1012503632","20"
"09/16/2026 17:20:00.000","15.413101","5219","34.759462","42499","1014091889","19"
"09/16/2026 17:25:00.000","19.296318","5304","34.733960","42468","1013489736","18"
"09/16/2026 17:30:00.000","18.552281","5260","34.713558","42443","1021098491","19"
"09/16/2026 17:35:00.000","20.551883","5246","34.692670","42417","1022435898","19"
"09/16/2026 17:40:00.000","13.213774","5281","34.674697","42395","1026607844","6"
"09/16/2026 17:45:00.000","15.573119","5209","34.657695","42374","1030562467","16"
"09/16/2026 17:50:00.000","12.495741","5278","34.642880","42356","1027491111","10"
"09/16/2026 17:55:00.000","11.255380","5303","34.626364","42336","1032161744","13"
"09/16/2026 18:00:00.000","10.990355","5291","34.610091","42316","1031237562","7"
"09/16/2026 18:05:00.000","13.867477","5266","34.596246","42299","1029568057","10"
"09/16/2026 18:10:00.000","12.146697","5274","34.580945","42281","1037313785","9"
"09/16/2026 18:15:00.000","15.252036","5254","34.570744","42268","1034297074","12"
"09/16/2026 18:20:00.000","7.417417","5204","34.559571","42254","1035928952","5"
"09/16/2026 18:25:00.000","11.662036","5304","34.547670","42240","1041775902","12"
"09/16/2026 18:30:00.000","13.720523","5193","34.536255","42226","1040149524","9"
"09/16/2026 18:35:00.000","8.481058","5196","34.522653","42209","1044381294","7"
"09/16/2026 18:40:00.000","8.156884","5201","34.508809","42192","1049606198","7"
"09/16/2026 18:45:00.000","14.417450","5277","34.496422","42177","1050932785","12"
"09/16/2026 18:50:00.000","11.320791","5274","34.484764","42163","1051308901","9"
"09/16/2026 18:55:00.000","11.105685","5255","34.471648","42147","1049290754","7"
"09/16/2026 19:00:00.000","13.689966","5242","34.459747","42132","1054365068","14"
"09/16/2026 19:05:00.000","12.353958","5202","34.445417","42115","1061619318","7"
"09/16/2026 19:10:00.000","12.699495","5227","34.431087","42097","1061554179","12"
"09/16/2026 19:15:00.000","14.285696","5224","34.413114","42075","1066103626","17"
"09/16/2026 19:20:00.000","15.905724","5193","34.397084","42056","1069863560","14"
"09/16/2026 19:25:00.000","14.956586","5261","34.381054","42036","1074891745","11"
"09/16/2026 19:30:00.000","13.831003","5276","34.364295","42016","1072111594","14"
"09/16/2026 19:35:00.000","12.153806","5240","34.348751","41997"," ","11"
"09/16/2026 19:40:00.000","11.831020","5175","34.335392","41980","1078253438","13"
"09/16/2026 19:45:00.000","10.971067","5259","34.319605","41961","1082579694","13"
"09/16/2026 19:50:00.000","10.203806","5185","34.302360","41940","1084845061","12"
"09/16/2026 19:55:00.000","13.158929","5261","34.286087","41920","1088881010","12"
"09/16/2026 20:00:00.000","19.058524","5243","34.268843","41899","1086199108","17"
"09/16/2026 20:05:00.000","11.225482","5200","34.254756","41882","1095623817","12"
"09/16/2026 20:10:00.000","12.742690","5185","34.237268","41860","1092319995","10"
"09/16/2026 20:15:00.000","14.722179","5221","34.221481","41841","1097296607","11"
"09/16/2026 20:20:00.000","11.964943","5170","34.209823","41827","1099883236","6"
"09/16/2026 20:25:00.000","10.284708","5161","34.194521","41808","1103455285","6"
"09/16/2026 20:30:00.000","8.662387","5123","34.180920","41792","1112101748","11"
"09/16/2026 20:35:00.000","13.144681","5235","34.164890","41772","1110250740","15"
"09/16/2026 20:40:00.000","13.205359","5192","34.152017","41756","1115269383","10"
"09/16/2026 20:45:00.000","13.796313","5200","34.132586","41732","1113332672","14"
"09/16/2026 20:50:00.000","13.546907","5128","34.118014","41715","1116582595","9"
"09/16/2026 20:55:00.000","10.992393","5125","34.109027","41704","1113051033","10"
"09/16/2026 21:00:00.000","13.395006","5206","34.097126","41689","1120564476","10"
"09/16/2026 21:05:00.000","13.477600","5135","34.084010","41673","1114293790","10"
"09/16/2026 21:10:00.000","12.488646","5201","34.070652","41657","1123374312","9"
"09/16/2026 21:15:00.000","10.736959","5153","34.060694","41645","1118250421","3"
"09/16/2026 21:20:00.000","5.998230","5152","34.051950","41634","1126559309","3"
"09/16/2026 21:25:00.000","10.470780","5213","34.043935","41624","1127089024","5"
"09/16/2026 21:30:00.000","6.544524","5126","34.039077","41618","1130949291","1"
"09/16/2026 21:35:00.000","8.570775","5127","34.030819","41608","1133249723","4"
"09/16/2026 21:40:00.000","7.330751","5163","34.022318","41598","1130975843","6"
"09/16/2026 21:45:00.000","10.615606","5122","34.016732","41591","1128691042","5"
"09/16/2026 21:50:00.000","10.895810","5128","34.010417","41583","1131329725","4"
"09/16/2026 21:55:00.000","6.585462","5142","34.005560","41577","1131271554","3"
"09/16/2026 22:00:00.000","8.610420","5111","34.001431","41572","1135064683","4"
"09/16/2026 22:05:00.000","10.185928","5201","33.997059","41567","1136631900","4"
"09/16/2026 22:10:00.000","12.077216","5146","33.989044","41557","1130389400","7"
"09/16/2026 22:15:00.000","8.077248","5165","33.983700","41550","1138237237","3"
"09/16/2026 22:20:00.000","7.536997","5144","33.979571","41545","1130904332","0"
"09/16/2026 22:25:00.000","11.425946","5168","33.973985","41538"," ","5"
"09/16/2026 22:30:00.000","10.437082","5156","33.968885","41532","1130798308","6"
"09/16/2026 22:35:00.000","8.455827","5203","33.965241","41528","1135989901","1"
"09/16/2026 22:40:00.000","6.035953","5186","33.962327","41524","1136142443","2"
"09/16/2026 22:45:00.000","10.755543","5198","33.959655","41521","1136172963","5"
"09/16/2026 22:50:00.000","6.896241","5197","33.957955","41519","1135076367","3"
"09/16/2026 22:55:00.000","9.667349","5137","33.953583","41514","1132812011","5"
"09/16/2026 23:00:00.000","4.982019","5146","33.948240","41507","1137086067","1"
"09/16/2026 23:05:00.000","4.052951","5114","33.946782","41505","1137179192","0"
"09/16/2026 23:10:00.000","6.639566","5150","33.942653","41500","1132421870","3"
"09/16/2026 23:15:00.000","5.245413","5197","33.940710","41498","1136826466","3"
"09/16/2026 23:20:00.000","10.927110","5188","33.935853","41492","1132543756","2"
"09/16/2026 23:25:00.000","10.208324","5164","33.932695","41488","1134153943","4"
"09/16/2026 23:30:00.000","9.343332","5208","33.928566","41483","1140755022","5"
"09/16/2026 23:35:00.000","8.946494","5209","33.924437","41478","1134881870","2"
"09/16/2026 23:40:00.000","4.331089","5122","33.922009","41475","1136853068","3"
"09/16/2026 23:45:00.000","8.967226","5192","33.917151","41469","1136912113","1"
"09/16/2026 23:50:00.000","7.522697","5191","33.913265","41464","1140435937","5"
"09/16/2026 23:55:00.000","9.987131","5203","33.908164","41458","1144275889","2"
"09/17/2026 00:00:00.000","7.637736","5145","33.906221","41456","1139732624","0"
"09/17/2026 00:05:00.000","7.324888","5142","33.904764","41454","1136525364","0"
"09/17/2026 00:10:00.000","4.885923","5131","33.901849","41450","1138802308","2"
"09/17/2026 00:15:00.000","8.189298","5206","33.896749","41444","1138236343","5"
"09/17/2026 00:20:00.000","6.684439","5160","33.892134","41438","1144619675","2"
"09/17/2026 00:25:00.000","6.699949","5195","33.888977","41435","1142798312","0"
"09/17/2026 00:30:00.000","5.881511","5133","33.886305","41431","1140608222","3"
"09/17/2026 00:35:00.000","6.152461","5109","33.881447","41425","1141849921","3"
"09/17/2026 00:40:00.000","10.446754","5204","33.875618","41418","1142692139","5"
"09/17/2026 00:45:00.000","11.264879","5209","33.870518","41412","1142908692","6"
"09/17/2026 00:50:00.000","7.244379","5182","33.866146","41407","1139163329","4"
"09/17/2026 00:55:00.000","8.518677","5133","33.862503","41402","1142812843","3"
"09/17/2026 01:00:00.000","8.543556","5153","33.858374","41397","1144575161","3"
"09/17/2026 01:05:00.000","9.569667","5116","33.854973","41393","1146488283","2"
"09/17/2026 01:10:00.000","6.645442","5189","33.850116","41387","1144351074","0"
"09/17/2026 01:15:00.000","8.411428","5185","33.845987","41382","1147608572","7"
"09/17/2026 01:20:00.000","11.060834","5126","33.841129","41376","1145757385","2"
"09/17/2026 01:25:00.000","6.253834","5123","33.837486","41372","1154852524","3"
"09/17/2026 01:30:00.000","9.805413","5154","33.832143","41365"," ","6"
"09/17/2026 01:35:00.000","7.166812","5125","33.827042","41359","1151961369","4"
"09/17/2026 01:40:00.000","6.310981","5191","33.823399","41354","1152487147","3"
"09/17/2026 01:45:00.000","9.471465","5173","33.821213","41352","1150134642","5"
"09/17/2026 01:50:00.000","6.367621","5151","33.817327","41347","1152806242","1"
"09/17/2026 01:55:00.000","6.275568","5156","33.812955","41342","1151265781","3"
"09/17/2026 02:00:00.000","6.828985","5988","33.809555","41337","314623061","4"
"09/17/2026 02:05:00.000","5.731937","5989","33.806883","41334","310191013","1"
"09/17/2026 02:10:00.000","9.081002","5930","33.803240","41330","314384663","5"
"09/17/2026 02:15:00.000","6.271579","5945","33.799111","41325","314129817","2"
"09/17/2026 02:20:00.000","8.107145","6020","33.795953","41321","311190432","0"
"09/17/2026 02:25:00.000","7.386625","6027","33.789881","41313","314789540","5"
"09/17/2026 02:30:00.000","6.613455","6021","33.784781","41307","313019352","1"
"09/17/2026 02:35:00.000","12.245865","5982","33.779680","41301","311946775","7"
"09/17/2026 02:40:00.000","10.720579","5996","33.774580","41295","315979552","4"
"09/17/2026 02:45:00.000","7.910222","5927","33.771179","41291","311391364","4"
"09/17/2026 02:50:00.000","10.401636","5942","33.768265","41287","311752670","2"
"09/17/2026 02:55:00.000","10.377971","5943","33.762679","41280","314495253","7"
"09/17/2026 03:00:00.000","8.819846","5972","33.758792","41275","319891650","8"
"09/17/2026 03:05:00.000","11.185287","6022","33.753935","41269","320728324","7"
"09/17/2026 03:10:00.000","4.175432","5946","33.749563","41264","318478312","1"
"09/17/2026 03:15:00.000","6.316567","5938","33.746405","41260","321395256","1"
"09/17/2026 03:20:00.000","7.145750","5951","33.743005","41256","320707095","6"
"09/17/2026 03:25:00.000","11.617381","5958","33.738633","41251","318849786","6"
"09/17/2026 03:30:00.000","7.816298","5924","33.733047","41244","323411918","1"
"09/17/2026 03:35:00.000","7.225687","5974","33.730132","41240","319273373","2"
"09/17/2026 03:40:00.000","6.987228","5986","33.726975","41236","324772404","0"
"09/17/2026 03:45:00.000","7.425386","5970","33.725275","41234","323792636","4"
"09/17/2026 03:50:00.000","8.520703","6000","33.721875","41230","322127935","4"
"09/17/2026 03:55:00.000","8.608677","5944","33.717503","41225","322808695","1"
"09/17/2026 04:00:00.000","7.463308","5937","33.714831","41222","324282696","3"
"09/17/2026 04:05:00.000","7.543761","6005","33.709245","41215","329084226","7"
"09/17/2026 04:10:00.000","7.069174","5971","33.704873","41209","327541393","1"
"09/17/2026 04:15:00.000","9.935296","6004","33.701230","41205","327864365","4"
"09/17/2026 04:20:00.000","8.915939","5996","33.697344","41200","325684583","4"
"09/17/2026 04:25:00.000","8.115562","5922","33.693457","41196","330562924","5"
"09/17/2026 04:30:00.000","5.494511","5981","33.690057","41191","329606066","0"
"09/17/2026 04:35:00.000","9.829392","5907","33.687871","41189","333354711","2"
"09/17/2026 04:40:00.000","4.926042","5954","33.683742","41184","333947495","3"
"09/17/2026 04:45:00.000","6.898529","5928","33.679613","41179","331057383","0"
"09/17/2026 04:50:00.000","9.622966","5924","33.674513","41172","335349967","5"
"09/17/2026 04:55:00.000","8.905450","5977","33.670869","41168","330237538","4"
"09/17/2026 05:00:00.000","3.064116","5906","33.667226","41163","334841835","0"
"09/17/2026 05:05:00.000","10.671405","5929","33.661397","41156","334441841","9"
"09/17/2026 05:10:00.000","7.016879","5975","33.657268","41151","340564750","4"
"09/17/2026 05:15:00.000","11.484805","5929","33.652168","41145","339980943","5"
"09/17/2026 05:20:00.000","8.812420","5947","33.647310","41139","335303573","5"
"09/17/2026 05:25:00.000","8.628148","5937","33.642695","41133","338047072","1"
"09/17/2026 05:30:00.000","8.319344","5976","33.638081","41128","336986342","3"
"09/17/2026 05:35:00.000","9.961446","5995","33.633466","41122","339864832","3"
"09/17/2026 05:40:00.000","5.596972","5949","33.630308","41118","339150158","4"
"09/17/2026 05:45:00.000","6.328405","5935","33.626422","41114","343504137","2"
"09/17/2026 05:50:00.000","7.204660","5946","33.621322","41107","342061252","3"
"09/17/2026 05:55:00.000","9.723212","5974","33.618650","41104","341604594","2"
"09/17/2026 06:00:00.000","7.422044","5935","33.612335","41096","343834502","7"
"09/17/2026 06:05:00.000","12.397243","5971","33.606263","41089","346347809","7"
"09/17/2026 06:10:00.000","10.980880","5928","33.600920","41082","351363465","6"
"09/17/2026 06:15:00.000","6.440972","5888","33.595576","41076","347464205","5"
"09/17/2026 06:20:00.000","6.333135","6001","33.592419","41072","346935741","1"
"09/17/2026 06:25:00.000","6.892990","5986","33.588533","41067","352266130","5"
"09/17/2026 06:30:00.000","7.527333","5943","33.581489","41059","352495611","9"
"09/17/2026 06:35:00.000","6.594425","5900","33.573960","41049","358192948","6"
"09/17/2026 06:40:00.000","10.467398","5973","33.566673","41040","361899583","3"
"09/17/2026 06:45:00.000","13.603620","5913","33.558173","41030","359183822","10"
"09/17/2026 06:50:00.000","6.962402","5966","33.552829","41024","363361218","6"
"09/17/2026 06:55:00.000","8.037942","5872","33.545300","41014","357801466","5"
"09/17/2026 07:00:00.000","6.097049","5891","33.539471","41007","359900624","2"
"09/17/2026 07:05:00.000","15.945351","5958","33.529027","40994","358191290","13"
"09/17/2026 07:10:00.000","7.382120","5873","33.520283","40984","361137201","4"
"09/17/2026 07:15:00.000","12.007027","5930","33.510568","40972","370098159","9"
"09/17/2026 07:20:00.000","9.839857","5916","33.499395","40958","368618831","5"
"09/17/2026 07:25:00.000","12.923859","5871","33.486280","40942","371655125","11"
"09/17/2026 07:30:00.000","11.432025","5971","33.477536","40932","370057660","8"
"09/17/2026 07:35:00.000","11.954224","5908","33.460777","40911","372253486","12"
"09/17/2026 07:40:00.000","11.117773","5863","33.449362","40897","378605380","6"
"09/17/2026 07:45:00.000","15.681245","5899","33.436489","40881","376008221","13"
"09/17/2026 07:50:00.000","9.914989","5935","33.424588","40867","381207672","12"
"09/17/2026 07:55:00.000","12.474164","5851","33.408315","40847","380762180","13"
"09/17/2026 08:00:00.000","14.709573","5945","33.389370","40824","387126450","13"
"09/17/2026 08:05:00.000","14.792678","5848","33.366297","40796","386197037","13"
"09/17/2026 08:10:00.000","19.231378","5959","33.348809","40774","395131785","17"
"09/17/2026 08:15:00.000","15.516530","5865","33.329622","40751","392108937","15"
"09/17/2026 08:20:00.000","18.767928","5942","33.302419","40717","397192771","19"
"09/17/2026 08:25:00.000","16.693338","5908","33.278617","40688","399640871","20"
"09/17/2026 08:30:00.000","24.476825","5893","33.246556","40649","402267411","25"
"09/17/2026 08:35:00.000","16.576056","5919","33.216439","40612","407756149","21"
"09/17/2026 08:40:00.000","19.664184","5833","33.186807","40576","414001468","21"
"09/17/2026 08:45:00.000","22.864746","5853","33.152804","40534","420167253","24"
"09/17/2026 08:50:00.000","16.334583","5816","33.127787","40504","425047324","14"
"09/17/2026 08:55:00.000","23.781759","5875","33.094998","40464","426675916","28"
"09/17/2026 09:00:00.000","23.336186","5824","33.055652","40416","433627893","30"
"09/17/2026 09:05:00.000","26.492614","5829","33.012662","40363","440887789","29"
"09/17/2026 09:10:00.000","29.449064","5803","32.964814","40305","448453886","39"
"09/17/2026 09:15:00.000","29.282635","5792","32.919153","40249","454478674","35"
"09/17/2026 09:20:00.000","18.583219","5827","32.880534","40202","454031908","25"
"09/17/2026 09:25:00.000","27.698343","5785","32.835116","40146","459932015","37"
"09/17/2026 09:30:00.000","24.330603","5804","32.788968","40090","469418890","28"
"09/17/2026 09:35:00.000","28.008080","5788","32.733834","40022","478306508","37"
"09/17/2026 09:40:00.000","28.770033","5751","32.681129","39958","491341818","39"
"09/17/2026 09:45:00.000","30.389022","5796","32.629153","39894","497260156","37"
"09/17/2026 09:50:00.000","32.601201","5807","32.577905","39832","501741558","46"
"09/17/2026 09:55:00.000","29.390889","5770","32.518885","39759","508377756","40"
"09/17/2026 10:00:00.000","27.342148","5821","32.463022","39691","520225329","35"
"09/17/2026 10:05:00.000","37.054740","5758","32.404730","39620","521138103","51"
"09/17/2026 10:10:00.000","33.990472","5808","32.347896","39550","534561756","44"
"09/17/2026 10:15:00.000","29.512312","5739","32.297620","39489","537759806","41"
"09/17/2026 10:20:00.000","32.253131","5747","32.245643","39425","546738950","41"
"09/17/2026 10:25:00.000","32.878603","5758","32.187109","39354","557412950","45"
"09/17/2026 10:30:00.000","38.653028","5760","32.124203","39277","562204235","56"
"09/17/2026 10:35:00.000","30.310251","5749","32.064211","39204","573785661","39"
"09/17/2026 10:40:00.000","33.668418","5745","31.995962","39120","582932688","45"
"09/17/2026 10:45:00.000","31.617690","5708","31.935241","39046","594298466","44"
"09/17/2026 10:50:00.000","30.817350","5672","31.878650","38977","599837207","44"
"09/17/2026 10:55:00.000","28.818454","5732","31.823516","38909","602793032","40"
"09/17/2026 11:00:00.000","39.669530","5716","31.760367","38832","619654277","58"
"09/17/2026 11:05:00.000","33.535453","5716","31.702076","38761","623789526","42"
"09/17/2026 11:10:00.000","32.487019","5615","31.640869","38686","637598335","44"
"09/17/2026 11:15:00.000","28.871891","5686","31.581849","38614","649958551","41"
"09/17/2026 11:20:00.000","33.553588","5689","31.521129","38539","655056861","44"
"09/17/2026 11:25:00.000","30.457837","5580","31.469638","38477","667861648","38"
"09/17/2026 11:30:00.000","31.826105","5638","31.418390","38414","667926914","44"
"09/17/2026 11:35:00.000","29.429136","5585","31.367143","38351","679739110","35"
"09/17/2026 11:40:00.000","29.941443","5649","31.312737","38285","686401244","41"
"09/17/2026 11:45:00.000","28.687240","5655","31.265861","38227","691794867","31"
"09/17/2026 11:50:00.000","27.669797","5542","31.221171","38173","700014682","29"
"09/17/2026 11:55:00.000","22.857554","5559","31.175266","38117","701129434","30"
"09/17/2026 12:00:00.000","29.624747","5575","31.128633","38060","713571545","34"
"09/17/2026 12:05:00.000","31.680464","5561","31.088315","38010","719486986","41"
"09/17/2026 12:10:00.000","23.780607","5526","31.051154","37965","724881939","23"
"09/17/2026 12:15:00.000","23.913900","5616","31.015451","37921","730968087","29"
"09/17/2026 12:20:00.000","23.619689","5592","30.977318","37875","734220054","31"
"09/17/2026 12:25:00.000","28.590607","5513","30.932871","37820","741839034","34"
"09/17/2026 12:30:00.000","19.193182","5593","30.899111","37779","746181466","20"
"09/17/2026 12:35:00.000","28.107980","5553","30.858064","37729","755446738","31"
"09/17/2026 12:40:00.000","23.350718","5501","30.820903","37683","758843727","26"
"09/17/2026 12:45:00.000","19.344312","5517","30.788357","37644","766095201","21"
"09/17/2026 12:50:00.000","24.932147","5552","30.755082","37603","772459302","29"
"09/17/2026 12:55:00.000","21.109489","5492","30.723265","37564","773710308","25"
"09/17/2026 13:00:00.000","21.680169","5466","30.689747","37523","779141734","24"
"09/17/2026 13:05:00.000","18.405879","5511","30.660116","37487","781242083","24"
"09/17/2026 13:10:00.000","18.327356","5495","30.634370","37455","789657234","19"
"09/17/2026 13:15:00.000","22.687527","5481","30.601338","37415","792330214","23"
"09/17/2026 13:20:00.000","21.972823","5472","30.573893","37381","795982074","22"
"09/17/2026 13:25:00.000","16.057585","5483","30.544990","37346","793913530","22"
"09/17/2026 13:30:00.000","19.047014","5447","30.512930","37307","806809614","22"
"09/17/2026 13:35:00.000","22.709953","5517","30.484513","37272","810978551","31"
"09/17/2026 13:40:00.000","21.248549","5534","30.453424","37234","814942331","27"
"09/17/2026 13:45:00.000","15.234012","5417","30.423064","37197","816821509","19"
"09/17/2026 13:50:00.000","24.960265","5504","30.382017","37147","823496170","31"
"09/17/2026 13:55:00.000","22.776403","5401","30.351414","37109","832606726","25"
"09/17/2026 14:00:00.000","23.997927","5425","30.312067","37061","841595671","25"
"09/17/2026 14:05:00.000","25.243604","5451","30.276849","37018","842150297","31"
"09/17/2026 14:10:00.000","24.196258","5449","30.237746","36970","851777852","32"
"09/17/2026 14:15:00.000","23.321379","5447","30.197184","36921","859717368","29"
"09/17/2026 14:20:00.000","24.081592","5414","30.157352","36872","862874346","35"
"09/17/2026 14:25:00.000","28.766057","5468","30.114362","36820","871736197","37"
"09/17/2026 14:30:00.000","21.655335","5425","30.068943","36764","877331692","25"
"09/17/2026 14:35:00.000","22.699821","5462","30.026196","36712","884001551","28"
"09/17/2026 14:40:00.000","22.166848","5418","29.980777","36656","890016177","28"
"09/17/2026 14:45:00.000","24.572280","5405","29.932930","36598","906535629","29"
"09/17/2026 14:50:00.000","31.902162","5385","29.891883","36547","906223670","38"
"09/17/2026 14:55:00.000","21.732674","5380","29.844764","36490","908856883","29"
"09/17/2026 15:00:00.000","33.493799","5410","29.795945","36430","912191871","42"
"09/17/2026 15:05:00.000","38.502469","5312","29.738625","36360","926998058","49"
"09/17/2026 15:10:00.000","20.129061","5390","29.690049","36301","935136289","29"
"09/17/2026 15:15:00.000","30.003470","5336","29.641472","36241","942958422","40"
"09/17/2026 15:20:00.000","35.947125","5360","29.593868","36183","955007069","46"
"09/17/2026 15:25:00.000","30.417515","5281","29.539705","36117","965475152","33"
"09/17/2026 15:30:00.000","27.973793","5365","29.483357","36048","970343044","42"
"09/17/2026 15:35:00.000","23.855429","5255","29.433081","35987","976626011","31"
"09/17/2026 15:40:00.000","26.982829","5333","29.379647","35921","982898250","34"
"09/17/2026 15:45:00.000","26.030006","5294","29.330342","35861","996231795","31"
"09/17/2026 15:50:00.000","25.067629","5275","29.282737","35803","998075797","29"
"09/17/2026 15:55:00.000","24.562647","5268","29.237076","35747","998460414","34"
"09/17/2026 16:00:00.000","26.385151","5277","29.188985","35688","1009725295","31"
"09/17/2026 16:05:00.000","26.756593","5309","29.137737","35625","1010874725","31"
"09/17/2026 16:10:00.000","27.927453","5287","29.089404","35566","1023475151","38"
"09/17/2026 16:15:00.000","21.216765","5215","29.040828","35507","1033256796","27"
"09/17/2026 16:20:00.000","23.009756","5300","28.999295","35456","1040713077","33"
"09/17/2026 16:25:00.000","26.808136","5231","28.954362","35401","1048940803","34"
"09/17/2026 16:30:00.000","23.210003","5245","28.914772","35353","1053872321","30"
"09/17/2026 16:35:00.000","21.049091","5222","28.871539","35300","1061145510","28"
"09/17/2026 16:40:00.000","22.062504","5236","28.834864","35255","1068896168","28"
"09/17/2026 16:45:00.000","25.732029","5243","28.795761","35207","1071388735","36"
"09/17/2026 16:50:00.000","21.799460","5173","28.767101","35172","1079116510","25"
"09/17/2026 16:55:00.000","25.663154","5164","28.727511","35124","1082654651","28"
"09/17/2026 17:00:00.000","17.857990","5222","28.691565","35080","1087284557","22"
"09/17/2026 17:05:00.000","18.181817","5146","28.659504","35041","1096671982","16"
"09/17/2026 17:10:00.000","14.229226","5239","28.628416","35003","1098780712","18"
"09/17/2026 17:15:00.000","19.714196","5197","28.601456","34970","1104777897","19"
"09/17/2026 17:20:00.000","17.074146","5148","28.577896","34941","1109798406","21"
"09/17/2026 17:25:00.000","11.076259","5216","28.548993","34906","1115457359","12"
"09/17/2026 17:30:00.000","18.566627","5166","28.525191","34876","1123832995","20"
"09/17/2026 17:35:00.000","19.346509","5148","28.504789","34852","1129358846","19"
"09/17/2026 17:40:00.000","10.365815","5217","28.487545","34830","1126839434","10"
"09/17/2026 17:45:00.000","14.907691","5139","28.461070","34798","1135251633","15"
"09/17/2026 17:50:00.000","16.942539","5182","28.441397","34774","1135663859","19"
"09/17/2026 17:55:00.000","9.384105","5156","28.426338","34756","1138883205","7"
"09/17/2026 18:00:00.000","12.886005","5199","28.409337","34735","1139244383","9"
"09/17/2026 18:05:00.000","17.618898","5177","28.390878","34712","1142733168","16"
"09/17/2026 18:10:00.000","12.686920","5145","28.378248","34697","1149791367","7"
"09/17/2026 18:15:00.000","13.044702","5150","28.360761","34675","1153007758","16"
"09/17/2026 18:20:00.000","11.551776","5120","28.348374","34660","1154924956","9"
"09/17/2026 18:25:00.000","7.597753","5092","28.333801","34642","1149325297","6"
"09/17/2026 18:30:00.000","15.437218","5194","28.322628","34629","1155596817","13"
"09/17/2026 18:35:00.000","8.590511","5117","28.312427","34616","1154925279","8"
"09/17/2026 18:40:00.000","11.309839","5129","28.298826","34600","1158490368","6"
"09/17/2026 18:45:00.000","13.616459","5132","28.287411","34586","1162786791","8"
"09/17/2026 18:50:00.000","11.920857","5133","28.276724","34573","1162121145","8"
"09/17/2026 18:55:00.000","8.726779","5157","28.263608","34557","1165282341","5"
"09/17/2026 19:00:00.000","11.491631","5154","28.249521","34539","1168117180","11"
"09/17/2026 19:05:00.000","16.443795","5092","28.235920","34523","1174932546","17"
"09/17/2026 19:10:00.000","15.573767","5172","28.219647","34503","1174648632","15"
"09/17/2026 19:15:00.000","14.429547","5101","28.202645","34482","1175382135","11"
"09/17/2026 19:20:00.000","13.769137","5128","28.186129","34462","1179597216","13"
"09/17/2026 19:25:00.000","16.567704","5136","28.170585","34443","1175402033","17"
"09/17/2026 19:30:00.000","16.896645","5077","28.152126","34420","1181741753","21"
"09/17/2026 19:35:00.000","16.495446","5116","28.136824","34402","1183970602","13"
"09/17/2026 19:40:00.000","8.532817","5126","28.117880","34378","1186623570","9"
"09/17/2026 19:45:00.000","19.079913","5104","28.099178","34356","1189053432","22"
"09/17/2026 19:50:00.000","13.377356","5130","28.081204","34334","1195004921","15"
"09/17/2026 19:55:00.000","12.070774","5076","28.064931","34314","1194638135","12"
"09/17/2026 20:00:00.000","14.130492","5133","28.048416","34294","1196106579","11"
"09/17/2026 20:05:00.000","13.093574","5144","28.029957","34271","1203566744","16"
"09/17/2026 20:10:00.000","9.068133","5086","28.010040","34247","1201312972","7"
"09/17/2026 20:15:00.000","14.520419","5145","27.995225","34229","1202257807","12"
"09/17/2026 20:20:00.000","9.139294","5083","27.978466","34208","1203166799","9"
"09/17/2026 20:25:00.000","10.639982","5035","27.962921","34189","1204948930","6"
"09/17/2026 20:30:00.000","11.279986","5033","27.947620","34170","1207268423","11"
"09/17/2026 20:35:00.000","12.405586","5126","27.931104","34150","1209517518","13"
"09/17/2026 20:40:00.000","16.100040","5052","27.915802","34131","1206425471","15"
"09/17/2026 20:45:00.000","10.611011","5063","27.901958","34114","1213074995","10"
"09/17/2026 20:50:00.000","11.027324","5103","27.889086","34099","1217008802","7"
"09/17/2026 20:55:00.000","9.480674","5128","27.874513","34081","1218991170","9"
"09/17/2026 21:00:00.000","14.067606","5051","27.858725","34062","1221620257","10"
"09/17/2026 21:05:00.000","10.375457","5067","27.849010","34050","1222663135","7"
"09/17/2026 21:10:00.000","6.966675","5076","27.838081","34036","1222741218","7"
"09/17/2026 21:15:00.000","9.289354","5101","27.826908","34023","1224363617","7"
"09/17/2026 21:20:00.000","11.421564","5069","27.815250","34008","1217861520","9"
"09/17/2026 21:25:00.000","11.931103","5073","27.804806","33996","1224040293","7"
"09/17/2026 21:30:00.000","8.901280","5028","27.797762","33987","1224404973","1"
"09/17/2026 21:35:00.000","7.893699","5029","27.787561","33975","1222217428","3"
"09/17/2026 21:40:00.000","7.888112","5035","27.778089","33963","1229069884","5"
"09/17/2026 21:45:00.000","10.366423","5120","27.769588","33953","1230169493","6"
"09/17/2026 21:50:00.000","11.081199","5023","27.762545","33944","1230304548","9"
"09/17/2026 21:55:00.000","10.057177","5043","27.755744","33936","1226618638","8"
"09/17/2026 22:00:00.000","9.900160","5023","27.749429","33928","1230317584","6"
"09/17/2026 22:05:00.000","8.193686","5075","27.745543","33923","1233269937","2"
"09/17/2026 22:10:00.000","8.336344","5055","27.741171","33918","1231918413","3"
"09/17/2026 22:15:00.000","6.130648","5087","27.735585","33911","1232877002","3"
"09/17/2026 22:20:00.000","7.970863","5070","27.731456","33906","1227869423","2"
"09/17/2026 22:25:00.000","4.139599","5115","27.727570","33901","1234649228","4"
"09/17/2026 22:30:00.000","6.932858","5011","27.723441","33896","1234048530","3"
"09/17/2026 22:35:00.000","12.158373","5059","27.717369","33889","1234571973","8"
"09/17/2026 22:40:00.000","9.527167","5079","27.713240","33884","1234435550","5"
"09/17/2026 22:45:00.000","6.207108","5002","27.708139","33878","1232041192","3"
"09/17/2026 22:50:00.000","5.257750","5008","27.704010","33872","1237817213","2"
"09/17/2026 22:55:00.000","11.492720","5011","27.697938","33865","1239529007","7"
"09/17/2026 23:00:00.000","4.256999","5049","27.693809","33860","1235250327","2"
"09/17/2026 23:05:00.000","11.011419","5088","27.689194","33854","1238972996","7"
"09/17/2026 23:10:00.000","6.858604","5078","27.684580","33849","1235118496","1"
"09/17/2026 23:15:00.000","6.629022","5048","27.681422","33845","1238150653","0"
"09/17/2026 23:20:00.000","4.107427","5014","27.676807","33839","1241617411","2"
"09/17/2026 23:25:00.000","6.302517","5030","27.674622","33837","1240700052","3"
"09/17/2026 23:30:00.000","8.146912","5109","27.668792","33829","1237155068","4"
"09/17/2026 23:35:00.000","7.018767","5044","27.664421","33824","1240514882","5"
"09/17/2026 23:40:00.000","11.743004","5109","27.659806","33818","1242083821","6"
"09/17/2026 23:45:00.000","7.305828","4992","27.656648","33815","1237509618","1"
"09/17/2026 23:50:00.000","6.249928","5012","27.652034","33809","1239407660","3"
"09/17/2026 23:55:00.000","10.101557","4992","27.646447","33802","1243895036","6"
"09/18/2026 00:00:00.000","5.824700","5075","27.640375","33795","1243083719","5"
"09/18/2026 00:05:00.000","8.754268","5046","27.632603","33785","1247191789","8"
"09/18/2026 00:10:00.000","8.195636","5014","27.626045","33777","1246066751","3"
"09/18/2026 00:15:00.000","4.837781","5072","27.619245","33769","1245925338","1"
"09/18/2026 00:20:00.000","8.252338","5045","27.613901","33762","1244793170","5"
"09/18/2026 00:25:00.000","8.722644","5022","27.608072","33755","1248169360","3"
"09/18/2026 00:30:00.000","11.597932","5020","27.603943","33750","1249111934","6"
"09/18/2026 00:35:00.000","7.790730","5053","27.597143","33742","1256320966","8"
"09/18/2026 00:40:00.000","8.872073","5050","27.592042","33736","1253846659","3"
"09/18/2026 00:45:00.000","7.847150","5006","27.585241","33727","1257607905","1"
"09/18/2026 00:50:00.000","11.086443","5021","27.580141","33721","1252957751","7"
"09/18/2026 00:55:00.000","10.217046","5045","27.573097","33712","1257238822","3"
"09/18/2026 01:00:00.000","8.081296","5066","27.569697","33708","1258669081","5"
"09/18/2026 01:05:00.000","8.538813","5018","27.563382","33701","1263059248","4"
"09/18/2026 01:10:00.000","7.453175","5067","27.556338","33692","1263828104","2"
"09/18/2026 01:15:00.000","11.255054","5033","27.548566","33682","1259086301","5"
"09/18/2026 01:20:00.000","6.335161","5059","27.542737","33675","1260945199","0"
"09/18/2026 01:25:00.000","8.761432","4979","27.537151","33668","1265290652","5"
"09/18/2026 01:30:00.000","6.154077","5026","27.530836","33661","1268916529","5"
"09/18/2026 01:35:00.000","6.849590","5055","27.526950","33656","1263325236","4"
"09/18/2026 01:40:00.000","11.934439","4963","27.521606","33649","1271462612","5"
"09/18/2026 01:45:00.000","10.676777","5050","27.516020","33643","1265834116","7"
"09/18/2026 01:50:00.000","8.447338","5065","27.509220","33634","1268473705","4"
"09/18/2026 01:55:00.000","13.199677","5067","27.502905","33627","1274777465","8"
"09/18/2026 02:00:00.000","10.778724","5937","27.495132","33617","310768889","6"
"09/18/2026 02:05:00.000","11.410766","5930","27.488575","33609","315733524","6"
"09/18/2026 02:10:00.000","8.908084","5986","27.482017","33601","317055989","2"
"09/18/2026 02:15:00.000","9.961711","6025","27.475945","33594","319141100","3"
"09/18/2026 02:20:00.000","9.071804","5990","27.468173","33584","321778659","10"
"09/18/2026 02:25:00.000","6.060724","5993","27.463558","33578","321299715","4"
"09/18/2026 02:30:00.000","8.565689","5965","27.457243","33571","326124748","5"
"09/18/2026 02:35:00.000","5.486508","5967","27.452143","33565","325153335","2"
"09/18/2026 02:40:00.000","9.209357","5979","27.445828","33557","327820120","4"
"09/18/2026 02:45:00.000","9.442277","5968","27.439756","33549","329342035","6"
"09/18/2026 02:50:00.000","10.534511","5911","27.432955","33541","331605051","3"
"09/18/2026 02:55:00.000","7.497388","5927","27.428583","33536","329380759","5"
"09/18/2026 03:00:00.000","11.464869","6018","27.422268","33528","326894126","6"
"09/18/2026 03:05:00.000","7.424986","5929","27.416439","33521","331072701","5"
"09/18/2026 03:10:00.000","5.665684","5964","27.411581","33515","334898349","0"
"09/18/2026 03:15:00.000","8.476584","5916","27.409153","33512","334672448","2"
"09/18/2026 03:20:00.000","6.980705","5987","27.403323","33505","338716088","2"
"09/18/2026 03:25:00.000","6.324393","6006","27.400895","33502","333845230","5"
"09/18/2026 03:30:00.000","11.434684","5901","27.392880","33492","339818799","11"
"09/18/2026 03:35:00.000","8.586279","5981","27.387536","33486","335729023","0"
"09/18/2026 03:40:00.000","9.344168","5938","27.381221","33478","337468322","5"
"09/18/2026 03:45:00.000","7.956794","6005","27.373692","33469","342349479","5"
"09/18/2026 03:50:00.000","5.189655","5903","27.368834","33463","345520915","2"
"09/18/2026 03:55:00.000","12.655684","5952","27.361548","33454","342725033","6"
"09/18/2026 04:00:00.000","5.521397","5948","27.357419","33449","343994074","0"
"09/18/2026 04:05:00.000","9.241238","5985","27.351347","33441","347345905","5"
"09/18/2026 04:10:00.000","5.293399","5963","27.346489","33435","355046473","4"
"09/18/2026 04:15:00.000","9.351573","5893","27.343332","33431","353436718","4"
"09/18/2026 04:20:00.000","7.816158","5987","27.341146","33429","351132370","4"
"09/18/2026 04:25:00.000","10.904480","5947","27.335074","33421","351054219","6"
"09/18/2026 04:30:00.000","5.444069","5949","27.330945","33416","353845680","2"
"09/18/2026 04:35:00.000","7.735228","5895","27.326573","33411","353184134","3"
"09/18/2026 04:40:00.000","9.109151","5944","27.320015","33403","362786126","5"
"09/18/2026 04:45:00.000","9.030714","5909","27.312243","33393","357388220","4"
"09/18/2026 04:50:00.000","7.020042","5963","27.304228","33384","357978887","3"
"09/18/2026 04:55:00.000","7.758113","5985","27.296942","33375","364140118","6"
"09/18/2026 05:00:00.000","3.027798","5943","27.292084","33369","364503600","0"
"09/18/2026 05:05:00.000","11.106369","5932","27.288198","33364","366775728","4"
"09/18/2026 05:10:00.000","9.601221","5903","27.282369","33357","363130800","3"
"09/18/2026 05:15:00.000","5.787794","5919","27.275568","33349","372062960","5"
"09/18/2026 05:20:00.000","10.666351","5905","27.268767","33340","375506105","6"
"09/18/2026 05:25:00.000","6.460104","5896","27.264881","33336","367781673","1"
"09/18/2026 05:30:00.000","8.307603","5972","27.260266","33330","371580605","7"
"09/18/2026 05:35:00.000","8.904017","5930","27.252737","33321","376174824","7"
"09/18/2026 05:40:00.000","8.589179","5864","27.244236","33310","372691939","5"
"09/18/2026 05:45:00.000","7.315431","5872","27.239136","33304","373449701","4"
"09/18/2026 05:50:00.000","6.951461","5929","27.234278","33298","377825180","6"
"09/18/2026 05:55:00.000","9.124733","5970","27.226992","33289","377803974","7"
"09/18/2026 06:00:00.000","4.555433","5925","27.221405","33282","385001337","0"
"09/18/2026 06:05:00.000","9.030453","5906","27.213633","33273","388234788","7"
"09/18/2026 06:10:00.000","4.872983","5876","27.204647","33262","390674403","4"
"09/18/2026 06:15:00.000","11.083470","5940","27.196389","33252","390134554","5"
"09/18/2026 06:20:00.000","8.829260","5887","27.189102","33243","397236427","5"
"09/18/2026 06:25:00.000","12.380485","5858","27.182545","33235","396134132","12"
"09/18/2026 06:30:00.000","12.431907","5920","27.173801","33224","393384319","7"
"09/18/2026 06:35:00.000","8.360044","5928","27.167729","33217","399400224","1"
"09/18/2026 06:40:00.000","11.379471","5866","27.161414","33209","400292530","5"
"09/18/2026 06:45:00.000","6.385202","5848","27.152427","33198","399758648","6"
"09/18/2026 06:50:00.000","12.752842","5858","27.143441","33187","398916568","8"
"09/18/2026 06:55:00.000","10.392684","5883","27.132511","33174","399697073","4"
"09/18/2026 07:00:00.000","11.859903","5944","27.117452","33155","401451476","10"
"09/18/2026 07:05:00.000","10.255687","5882","27.103122","33138","404887372","9"
"09/18/2026 07:10:00.000","10.594563","5926","27.089278","33121","404725049","11"
"09/18/2026 07:15:00.000","6.871007","5844","27.080049","33110","406878083","6"
"09/18/2026 07:20:00.000","11.506167","5923","27.064747","33091","408869093","8"
"09/18/2026 07:25:00.000","16.226586","5928","27.048960","33072","413103034","18"
"09/18/2026 07:30:00.000","11.574207","5829","27.035601","33055","407162834","6"
"09/18/2026 07:35:00.000","14.949626","5910","27.018843","33035","415289048","13"
"09/18/2026 07:40:00.000","14.557415","5836","27.001841","33014","417151027","16"
"09/18/2026 07:45:00.000","19.331042","5901","26.978039","32985","426138333","20"
"09/18/2026 07:50:00.000","17.118274","5802","26.957151","32959","430582448","17"
"09/18/2026 07:55:00.000","21.164340","5858","26.934320","32931","439518170","23"
"09/18/2026 08:00:00.000","15.460331","5789","26.906875","32898","446062091","15"
"09/18/2026 08:05:00.000","21.888442","5879","26.874086","32858","452575869","24"
"09/18/2026 08:10:00.000","20.700206","5887","26.840811","32817","466786696","30"
"09/18/2026 08:15:00.000","26.088920","5778","26.806322","32775","474049914","36"
"09/18/2026 08:20:00.000","16.816117","5769","26.771104","32732","478875980","22"
"09/18/2026 08:25:00.000","23.716895","5771","26.735400","32688","488390215","27"
"09/18/2026 08:30:00.000","24.227897","5760","26.693625","32637","503907711","33"
"09/18/2026 08:35:00.000","22.972229","5754","26.653550","32588","507373728","30"
"09/18/2026 08:40:00.000","26.641151","5801","26.612260","32538","515732788","32"
"09/18/2026 08:45:00.000","17.409207","5801","26.570241","32486","534622014","21"
"09/18/2026 08:50:00.000","27.809306","5747","26.526037","32432","538054624","40"
"09/18/2026 08:55:00.000","22.238850","5778","26.476489","32372","549377595","25"
"09/18/2026 09:00:00.000","32.057642","5760","26.424513","32308","563991818","45"
"09/18/2026 09:05:00.000","26.387173","5768","26.371807","32244","575811102","31"
"09/18/2026 09:10:00.000","35.944040","5649","26.309144","32167","591948711","48"
"09/18/2026 09:15:00.000","36.944427","5691","26.242109","32085","599644794","47"
"09/18/2026 09:20:00.000","32.246843","5679","26.178960","32008","613141094","44"
"09/18/2026 09:25:00.000","34.973115","5667","26.109253","31923","636803703","45"
"09/18/2026 09:30:00.000","37.255039","5657","26.041003","31839","662029582","48"
"09/18/2026 09:35:00.000","34.132610","5672","25.963767","31745","678917272","49"
"09/18/2026 09:40:00.000","41.024984","5585","25.889689","31654","695948132","60"
"09/18/2026 09:45:00.000","35.596593","5561","25.817796","31566","710105787","50"
"09/18/2026 09:50:00.000","42.601260","5550","25.745417","31478","728624446","62"
"09/18/2026 09:55:00.000","35.230116","5597","25.666481","31381","746226517","53"
"09/18/2026 10:00:00.000","52.065774","5513","25.576858","31272","772616106","73"
"09/18/2026 10:05:00.000","40.088916","5496","25.499136","31177","786971350","55"
"09/18/2026 10:10:00.000","47.470185","5447","25.420442","31080","807883636","65"
"09/18/2026 10:15:00.000","41.072361","5397","25.345635","30989","832438628","56"
"09/18/2026 10:20:00.000","38.943392","5462","25.263298","30888","852440322","54"
"09/18/2026 10:25:00.000","48.081987","5363","25.179261","30786","881844038","67"
"09/18/2026 10:30:00.000","54.722541","5415","25.086481","30672","902234240","77"
"09/18/2026 10:35:00.000","43.954883","5314","25.005601","30573","922002483","62"
"09/18/2026 10:40:00.000","39.753301","5323","24.922050","30471","943900873","57"
"09/18/2026 10:45:00.000","45.758022","5314","24.837285","30367","963344073","60"
"09/18/2026 10:50:00.000","45.228670","5343","24.758349","30271","985484563","67"
"09/18/2026 10:55:00.000","47.948292","5304","24.679169","30174","1006747967","65"
"09/18/2026 11:00:00.000","44.762334","5306","24.594161","30070","1027145437","66"
"09/18/2026 11:05:00.000","54.150480","5194","24.503566","29959","1042719109","75"
"09/18/2026 11:10:00.000","40.438996","5198","24.425359","29864","1067032367","56"
"09/18/2026 11:15:00.000","46.011175","5192","24.345936","29767","1090449078","69"
"09/18/2026 11:20:00.000","37.730299","5237","24.272586","29677","1102529500","53"
"09/18/2026 11:25:00.000","33.602817","5129","24.199722","29588","1125200954","47"
"09/18/2026 11:30:00.000","44.365859","5097","24.124429","29496","1141889611","62"
"09/18/2026 11:35:00.000","40.010159","5160","24.052779","29408","1160124947","52"
"09/18/2026 11:40:00.000","35.300189","5151","23.982101","29322","1180666140","47"
"09/18/2026 11:45:00.000","32.808921","5114","23.911665","29236","1199542055","48"
"09/18/2026 11:50:00.000","32.093846","5034","23.843901","29153","1212196518","46"
"09/18/2026 11:55:00.000","34.368329","5099","23.774680","29068","1239391269","48"
"09/18/2026 12:00:00.000","29.247289","5043","23.722947","29005","1248654810","42"
"09/18/2026 12:05:00.000","31.444013","5051","23.662226","28931","1264035271","41"
"09/18/2026 12:10:00.000","33.472782","5043","23.604663","28860","1272228392","45"
"09/18/2026 12:15:00.000","27.758535","4997","23.553901","28798","1287310445","34"
"09/18/2026 12:20:00.000","23.361176","4991","23.507754","28742","1301637361","32"
"09/18/2026 12:25:00.000","27.672932","4930","23.455049","28677","1310899213","38"
"09/18/2026 12:30:00.000","31.565512","5017","23.399915","28610","1328517759","41"
"09/18/2026 12:35:00.000","33.410215","4922","23.349153","28548","1340551216","41"
"09/18/2026 12:40:00.000","21.393373","4988","23.306163","28495","1349401932","25"
"09/18/2026 12:45:00.000","20.306471","4974","23.261715","28441","1353935914","27"
"09/18/2026 12:50:00.000","20.366732","4955","23.219697","28390","1362534859","29"
"09/18/2026 12:55:00.000","48.528148","4953","23.175735","28336","1373682766","32"
"09/18/2026 13:00:00.000","49.620271","4863","23.136146","28288","1381048994","27"
"09/18/2026 13:05:00.000","50.714446","4948","23.091942","28234","1387042592","31"
"09/18/2026 13:10:00.000","57.654868","4937","23.050652","28183","1398166713","41"
"09/18/2026 13:15:00.000","45.071855","4913","23.015191","28140","1402715760","28"
"09/18/2026 13:20:00.000","45.392042","4826","22.971230","28086","1411330217","27"
"09/18/2026 13:25:00.000","50.172850","4890","22.929211","28035","1426481763","33"
"09/18/2026 13:30:00.000","55.708082","4895","22.883307","27978","1438286854","36"
"09/18/2026 13:35:00.000","61.044726","4784","22.836431","27921","1454960106","46"
"09/18/2026 13:40:00.000","50.685207","4879","22.795869","27872","1462867174","35"
"09/18/2026 13:45:00.000","48.825548","4859","22.756766","27824","1470485179","30"
"09/18/2026 13:50:00.000","53.175795","4822","22.712561","27770","1482343869","35"
"09/18/2026 13:55:00.000","53.074259","4808","22.666414","27713","1483307365","31"
"09/18/2026 14:00:00.000","58.639133","4757","22.620024","27657","1503444388","42"
"09/18/2026 14:05:00.000","51.152198","4723","22.575091","27602","1509355631","35"
"09/18/2026 14:10:00.000","50.055528","4730","22.522385","27537","1517398269","33"
"09/18/2026 14:15:00.000","52.693590","4746","22.472352","27476","1533316596","36"
"09/18/2026 14:20:00.000","52.953316","4733","22.417947","27409","1550302370","37"
"09/18/2026 14:25:00.000","67.602609","4871","21.166489","25879","1367640451","56"
"09/18/2026 14:30:00.000","52.551779","4851","21.103340","25802","1385256652","37"
"09/18/2026 14:35:00.000","23.091631","4919","18.667704","22824","1366250308","27"
"09/18/2026 14:40:00.000","8.637727","4925","16.264613","19886"," ","0"
"09/18/2026 14:45:00.000","4.511608","4898","16.264613","19886"," ","0"
"09/18/2026 14:50:00.000","8.927268","4979","16.264613","19886"," ","0"
"09/18/2026 14:55:00.000","5.221194","4888","16.264613","19886"," ","0"
"09/18/2026 15:00:00.000","8.150294","4931","16.264613","19886"," ","1"
"09/18/2026 15:05:00.000","34.370813","5961","16.240568","19857","321303219","43"
"09/18/2026 15:10:00.000","37.651346","5906","16.174990","19776","335534360","52"
"09/18/2026 15:15:00.000","45.675593","5920","16.096297","19680","353659457","65"
"09/18/2026 15:20:00.000","36.753305","5895","16.024161","19592","370971816","55"
"09/18/2026 15:25:00.000","40.457041","5854","15.952511","19504","385563211","51"
"09/18/2026 15:30:00.000","39.110182","5883","15.882076","19418","411054955","48"
"09/18/2026 15:35:00.000","43.802931","5862","15.805082","19324","435417448","60"
"09/18/2026 15:40:00.000","38.110109","5852","15.733432","19237","458615660","54"
"09/18/2026 15:45:00.000","34.099417","5791","15.661054","19148","474909247","48"
"09/18/2026 15:50:00.000","38.608706","5861","15.585761","19056","486566017","54"
"09/18/2026 15:55:00.000","39.257793","5820","15.514596","18969","501164824","55"
"09/18/2026 16:00:00.000","32.613361","5775","15.451690","18892","512040356","43"
"09/18/2026 16:05:00.000","37.405858","5786","15.383198","18808","527181128","48"
"09/18/2026 16:10:00.000","39.823123","5745","15.307419","18716","551149605","56"
"09/18/2026 16:15:00.000","25.303024","5682","15.244270","18638","563445369","35"
"09/18/2026 16:20:00.000","33.211875","5747","15.189622","18572","578761954","45"
"09/18/2026 16:25:00.000","29.267329","5695","15.128901","18497","596163653","32"
"09/18/2026 16:30:00.000","35.741678","5648","15.070367","18426","604708012","44"
"09/18/2026 16:35:00.000","28.809517","5692","15.019362","18364","617825117","33"
"09/18/2026 16:40:00.000","22.345214","5657","14.969814","18303","636368985","29"
"09/18/2026 16:45:00.000","31.420176","5698","14.912251","18233","646224599","44"
"09/18/2026 16:50:00.000","21.761729","5656","14.864404","18174","661855614","28"
"09/18/2026 16:55:00.000","26.845157","5600","14.816313","18115","670663227","35"
"09/18/2026 17:00:00.000","25.781267","5649","14.770895","18060","679903426","35"
"09/18/2026 17:05:00.000","25.138901","5626","14.720132","17998","694466333","34"
"09/18/2026 17:10:00.000","26.100043","5541","14.684186","17954","705525905","35"
"09/18/2026 17:15:00.000","21.068997","5634","14.642653","17903","716183788","29"
"09/18/2026 17:20:00.000","17.285437","5580","14.606950","17859","725219947","21"
"09/18/2026 17:25:00.000","25.339279","5589","14.575618","17821","737862708","29"
"09/18/2026 17:30:00.000","26.034926","5561","14.546958","17786","740365261","26"
"09/18/2026 17:35:00.000","22.964832","5520","14.516112","17748","748892094","26"
"09/18/2026 17:40:00.000","16.692299","5551","14.485266","17710","758774659","15"
"09/18/2026 17:45:00.000","21.263600","5522","14.459521","17679","761549976","20"
"09/18/2026 17:50:00.000","17.824759","5502","14.430618","17644","775042942","20"
"09/18/2026 17:55:00.000","14.734278","5488","14.405359","17613","777116029","11"
"09/18/2026 18:00:00.000","13.434840","5512","14.378642","17580","776700106","13"
"09/18/2026 18:05:00.000","13.441563","5567","14.355325","17552","781724556","11"
"09/18/2026 18:10:00.000","20.082070","5497","14.333952","17525","789236639","23"
"09/18/2026 18:15:00.000","16.752267","5498","14.311121","17498","794470888","15"
"09/18/2026 18:20:00.000","14.512183","5464","14.289261","17471","797889577","10"
"09/18/2026 18:25:00.000","15.015610","5523","14.270317","17448","805915746","12"
"09/18/2026 18:30:00.000","16.183030","5465","14.249915","17423","804403210","15"
"09/18/2026 18:35:00.000","19.461377","5476","14.227327","17395","811621344","21"
"09/18/2026 18:40:00.000","16.790791","5525","14.205953","17369","817089848","22"
"09/18/2026 18:45:00.000","10.750077","5503","14.187251","17346","822014841","6"
"09/18/2026 18:50:00.000","14.107410","5481","14.165392","17319","831043387","16"
"09/18/2026 18:55:00.000","15.397713","5423","14.146447","17296","831032943","11"
"09/18/2026 19:00:00.000","14.399691","5450","14.125317","17270","837947060","16"
"09/18/2026 19:05:00.000","16.821732","5406","14.106129","17247","846813683","19"
"09/18/2026 19:10:00.000","15.899537","5474","14.083055","17219","846562179","15"
"09/18/2026 19:15:00.000","20.388204","5469","14.060953","17192","856061877","20"
"09/18/2026 19:20:00.000","18.236436","5459","14.036665","17162","859886813","18"
"09/18/2026 19:25:00.000","14.101657","5449","14.015292","17136","865838638","17"
"09/18/2026 19:30:00.000","16.819069","5422","13.992461","17108","870960005","17"
"09/18/2026 19:35:00.000","12.759766","5373","13.967444","17077","876771392","13"
"09/18/2026 19:40:00.000","20.233518","5455","13.939513","17043","890002982","22"
"09/18/2026 19:45:00.000","20.188519","5346","13.911824","17009","891861863","20"
"09/18/2026 19:50:00.000","18.746352","5341","13.889965","16983","895076909","15"
"09/18/2026 19:55:00.000","20.336447","5447","13.865920","16953","904084419","22"
"09/18/2026 20:00:00.000","20.068123","5379","13.837746","16919","903153315","27"
"09/18/2026 20:05:00.000","15.863703","5391","13.810300","16885","909298618","18"
"09/18/2026 20:10:00.000","21.810852","5321","13.780183","16848","923437201","20"
"09/18/2026 20:15:00.000","16.665995","5380","13.753466","16816","927043225","18"
"09/18/2026 20:20:00.000","18.471061","5312","13.728206","16785","931213206","26"
"09/18/2026 20:25:00.000","17.689130","5401","13.702704","16754","931563742","18"
"09/18/2026 20:30:00.000","21.327300","5385","13.673558","16718","936667181","26"
"09/18/2026 20:35:00.000","8.710126","5405","13.651456","16691","947979691","6"
"09/18/2026 20:40:00.000","17.197603","5342","13.628868","16663","952343782","23"
"09/18/2026 20:45:00.000","14.737846","5363","13.609437","16640","959390379","17"
"09/18/2026 20:50:00.000","13.907432","5281","13.589278","16615","962314972","17"
"09/18/2026 20:55:00.000","11.940946","5350","13.570819","16592","968763547","12"
"09/18/2026 21:00:00.000","18.127726","5296","13.551146","16568","973036054","15"
"09/18/2026 21:05:00.000","15.007081","5353","13.530258","16543","980530066","20"
"09/18/2026 21:10:00.000","12.866139","5351","13.513742","16523","985911266","16"
"09/18/2026 21:15:00.000","13.090186","5247","13.496983","16502","990466222","9"
"09/18/2026 21:20:00.000","11.304998","5263","13.478524","16480","989847129","11"
"09/18/2026 21:25:00.000","13.675050","5288","13.462251","16460","991384232","13"
"09/18/2026 21:30:00.000","14.664842","5338","13.449136","16444","989887950","11"
"09/18/2026 21:35:00.000","13.671385","5256","13.436992","16429","999169027","11"
"09/18/2026 21:40:00.000","13.398504","5254","13.424605","16414","997929347","9"
"09/18/2026 21:45:00.000","10.813356","5330","13.414161","16401","1003261557","8"
"09/18/2026 21:50:00.000","11.534656","5265","13.402260","16386","1004318703","7"
"09/18/2026 21:55:00.000","7.580911","5268","13.392787","16375","999395108","4"
"09/18/2026 22:00:00.000","6.685127","5282","13.381858","16361","1009905480","6"
"09/18/2026 22:05:00.000","11.989397","5288","13.372143","16350","1013810590","4"
"09/18/2026 22:10:00.000","7.855412","5308","13.364613","16340","1011200781","6"
"09/18/2026 22:15:00.000","9.411640","5327","13.355141","16329","1012169106","5"
"09/18/2026 22:20:00.000","3.942822","5221","13.348097","16320","1014115389","3"
"09/18/2026 22:25:00.000","13.319247","5225","13.341297","16312","1015047033","9"
"09/18/2026 22:30:00.000","11.213905","5230","13.332067","16301","1016654004","4"
"09/18/2026 22:35:00.000","13.535987","5250","13.325024","16292","1021760054","10"
"09/18/2026 22:40:00.000","8.902863","5309","13.319680","16285","1022523360","4"
"09/18/2026 22:45:00.000","8.593034","5280","13.313851","16278","1020964428","6"
"09/18/2026 22:50:00.000","11.971651","5313","13.305593","16268","1017991630","5"
"09/18/2026 22:55:00.000","5.542887","5305","13.299764","16261","1019972676","3"
"09/18/2026 23:00:00.000","11.730809","5214","13.292478","16252","1018743558","6"
"09/18/2026 23:05:00.000","11.413614","5262","13.284705","16243","1017748436","10"
"09/18/2026 23:10:00.000","6.749192","5250","13.281305","16238","1018111617","2"
"09/18/2026 23:15:00.000","8.299955","5314","13.276447","16233","1020775136","8"
"09/18/2026 23:20:00.000","8.130437","5281","13.272076","16227","1023044900","1"
"09/18/2026 23:25:00.000","9.994535","5276","13.266246","16220","1026451158","4"
"09/18/2026 23:30:00.000","7.935501","5272","13.260174","16213","1025984075","7"
"09/18/2026 23:35:00.000","7.249114","5219","13.255074","16206","1034391573","2"
"09/18/2026 23:40:00.000","6.317426","5242","13.249730","16200","1030500838","2"
"09/18/2026 23:45:00.000","9.615615","5250","13.243173","16192","1036436875","2"
"09/18/2026 23:50:00.000","3.826779","5296","13.238315","16186","1035589264","0"
"09/18/2026 23:55:00.000","7.717145","5299","13.231757","16178","1033467494","6"
"09/19/2026 00:00:00.000","6.341951","5231","13.228114","16173","1038873108","0"
"09/19/2026 00:05:00.000","8.252236","5197","13.226171","16171","1033042564","2"
"09/19/2026 00:10:00.000","7.579828","5271","13.223742","16168","1034460267","0"
"09/19/2026 00:15:00.000","7.342317","5297","13.222042","16166","1040757362","3"
"09/19/2026 00:20:00.000","6.022426","5230","13.221313","16165","1034610565","0"
"09/19/2026 00:25:00.000","6.590564","5218","13.220099","16164","1034919822","0"
"09/19/2026 00:30:00.000","4.699334","5262","13.218156","16161","1037829689","1"
"09/19/2026 00:35:00.000","8.596309","5200","13.214998","16157","1038288286","6"
"09/19/2026 00:40:00.000","9.082289","5246","13.213298","16155","1040843472","0"
"09/19/2026 00:45:00.000","5.539226","5191","13.211841","16154","1041232771","2"
"09/19/2026 00:50:00.000","6.328680","5241","13.210384","16152","1038036845","1"
"09/19/2026 00:55:00.000","6.504617","5208","13.209169","16150","1036907198","1"
"09/19/2026 01:00:00.000","5.328226","5268","13.206012","16146","1038875231","1"
"09/19/2026 01:05:00.000","4.452866","5305","13.205283","16146","1041928450","0"
"09/19/2026 01:10:00.000","6.723137","5285","13.203583","16143","1041241353","3"
"09/19/2026 01:15:00.000","5.353502","5254","13.202369","16142","1033775604","0"
"09/19/2026 01:20:00.000","6.378239","5229","13.200668","16140","1038576316","0"
"09/19/2026 01:25:00.000","4.400805","5265","13.200426","16140","1037259752","2"
"09/19/2026 01:30:00.000","5.931752","5248","13.198483","16137","1041550725","1"
"09/19/2026 01:35:00.000","4.732103","5212","13.197754","16136","1042946246","0"
"09/19/2026 01:40:00.000","7.952958","5196","13.196539","16135","1039355949","1"
"09/19/2026 01:45:00.000","6.973015","5209","13.194596","16132","1041982649","0"
"09/19/2026 01:50:00.000","7.732601","5301","13.192168","16129","1043512478","2"
"09/19/2026 01:55:00.000","6.800189","5228","13.190953","16128","1042220062","0"
"09/19/2026 02:00:00.000","9.665343","5978","13.188039","16124","307135838","2"
"09/19/2026 02:05:00.000","6.141595","5947","13.187310","16124","308218910","0"
"09/19/2026 02:10:00.000","4.344358","6018","13.185124","16121","310671182","0"
"09/19/2026 02:15:00.000","4.058939","6036","13.183424","16119","312296172","0"
"09/19/2026 02:20:00.000","7.620065","5921","13.180509","16115","314206792","1"
"09/19/2026 02:25:00.000","6.949766","5963","13.179538","16114","314336927","1"
"09/19/2026 02:30:00.000","5.413410","6029","13.178566","16113","311688600","2"
"09/19/2026 02:35:00.000","4.578614","5945","13.177109","16111","309619210","0"
"09/19/2026 02:40:00.000","6.836239","5975","13.176137","16110","311015715","0"
"09/19/2026 02:45:00.000","8.680312","5929","13.174437","16108","314808032","0"
"09/19/2026 02:50:00.000","7.143043","5938","13.172494","16105","310787612","2"
"09/19/2026 02:55:00.000","6.344485","5987","13.171523","16104","315186274","1"
"09/19/2026 03:00:00.000","8.299808","5942","13.169337","16102","319208987","3"
"09/19/2026 03:05:00.000","8.275241","5948","13.167880","16100","314040735","0"
"09/19/2026 03:10:00.000","9.516121","5975","13.165936","16097","315391841","5"
"09/19/2026 03:15:00.000","7.499891","5966","13.164236","16095","309184036","1"
"09/19/2026 03:20:00.000","8.301647","6014","13.163508","16094","313539915","0"
"09/19/2026 03:25:00.000","8.639431","5970","13.161565","16092","310129810","2"
"09/19/2026 03:30:00.000","7.490083","5997","13.160350","16091","314857930","2"
"09/19/2026 03:35:00.000","7.421433","5955","13.159136","16089","310977048","3"
"09/19/2026 03:40:00.000","8.615274","6036","13.157193","16087","310344810","3"
"09/19/2026 03:45:00.000","5.328287","6012","13.155735","16085","308424510","0"
"09/19/2026 03:50:00.000","5.420600","5995","13.153792","16083","316072314","2"
"09/19/2026 03:55:00.000","7.581174","6035","13.152821","16081","308648778","1"
"09/19/2026 04:00:00.000","10.502301","6039","13.151121","16079","309903394","3"
"09/19/2026 04:05:00.000","3.601971","5946","13.149906","16078","315190347","2"
"09/19/2026 04:10:00.000","6.955336","5989","13.148692","16076","316262434","2"
"09/19/2026 04:15:00.000","9.159522","5975","13.147478","16075","314849685","2"
"09/19/2026 04:20:00.000","6.493767","5931","13.145534","16072","318055874","3"
"09/19/2026 04:25:00.000","7.321900","6019","13.145049","16072","313211324","0"
"09/19/2026 04:30:00.000","7.012693","6006","13.143834","16070","313126327","0"
"09/19/2026 04:35:00.000","8.665007","5948","13.141891","16068","313942702","3"
"09/19/2026 04:40:00.000","6.449465","5933","13.141648","16068","317479041","0"
"09/19/2026 04:45:00.000","4.690244","5918","13.140920","16067","310595819","2"
"09/19/2026 04:50:00.000","6.812358","5948","13.140191","16066","312236524","0"
"09/19/2026 04:55:00.000","7.799575","5930","13.138491","16064","314787360","0"
"09/19/2026 05:00:00.000","7.568412","6032","13.135819","16061","311928598","1"
"09/19/2026 05:05:00.000","6.115358","5939","13.134848","16059","312447427","3"
"09/19/2026 05:10:00.000","6.725533","5926","13.133390","16058","315559962","0"
"09/19/2026 05:15:00.000","7.914505","5950","13.131447","16055","312543685","0"
"09/19/2026 05:20:00.000","8.589566","6025","13.129019","16052","319346293","3"
"09/19/2026 05:25:00.000","8.266327","6029","13.126590","16049","319328211","0"
"09/19/2026 05:30:00.000","5.044191","5953","13.124890","16047","322162007","0"
"09/19/2026 05:35:00.000","6.504901","5988","13.123432","16045","318943689","1"
"09/19/2026 05:40:00.000","6.757698","6005","13.122218","16044","321615751","1"
"09/19/2026 05:45:00.000","5.279252","6005","13.120275","16042","318029335","0"
"09/19/2026 05:50:00.000","4.220225","6027","13.118089","16039","316955192","0"
"09/19/2026 05:55:00.000","5.249665","5960","13.116632","16037","320368776","4"
"09/19/2026 06:00:00.000","7.289136","5969","13.116389","16037","316964842","0"
"09/19/2026 06:05:00.000","4.174017","5979","13.114689","16035","317895240","0"
"09/19/2026 06:10:00.000","6.437364","5991","13.111531","16031","322123357","4"
"09/19/2026 06:15:00.000","6.207625","5990","13.109588","16029","319313515","0"
"09/19/2026 06:20:00.000","4.641934","5914","13.107159","16026","314619067","4"
"09/19/2026 06:25:00.000","7.362526","6024","13.103273","16021","315353191","4"
"09/19/2026 06:30:00.000","9.935140","5965","13.101573","16019","315157725","1"
"09/19/2026 06:35:00.000","6.326022","5985","13.098901","16015","319069987","3"
"09/19/2026 06:40:00.000","4.129566","6024","13.097930","16014","316639509","0"
"09/19/2026 06:45:00.000","10.674786","6034","13.095015","16011","318790895","3"
"09/19/2026 06:50:00.000","4.906892","5958","13.093315","16009","316984704","4"
"09/19/2026 06:55:00.000","9.774652","6005","13.091858","16007","319756809","3"
"09/19/2026 07:00:00.000","5.880012","6013","13.088215","16002","317595014","3"
"09/19/2026 07:05:00.000","8.874171","5963","13.085057","15999","314566599","5"
"09/19/2026 07:10:00.000","9.952615","6031","13.079957","15992","316719333","5"
"09/19/2026 07:15:00.000","8.970348","5979","13.076070","15988","320685563","6"
"09/19/2026 07:20:00.000","7.477455","5979","13.073399","15984","318373639","3"
"09/19/2026 07:25:00.000","6.996087","6019","13.069027","15979","320347708","4"
"09/19/2026 07:30:00.000","11.438941","6020","13.061740","15970","319469205","6"
"09/19/2026 07:35:00.000","10.599072","6020","13.053725","15960","317666528","5"
"09/19/2026 07:40:00.000","8.990456","5950","13.049111","15955","319971030","3"
"09/19/2026 07:45:00.000","8.407647","5998","13.044010","15948"," ","1"
"09/19/2026 07:50:00.000","9.273923","5928","13.039395","15943","320039856","9"
"09/19/2026 07:55:00.000","12.691510","6000","13.034538","15937","320722291","6"
"09/19/2026 08:00:00.000","6.734740","5951","13.025308","15925","326512183","4"
"09/19/2026 08:05:00.000","9.012719","5971","13.018508","15917","328956397","6"
"09/19/2026 08:10:00.000","11.205220","6008","13.009521","15906","321136934","7"
"09/19/2026 08:15:00.000","7.097665","6019","13.002478","15898","325811336","5"
"09/19/2026 08:20:00.000","9.026614","5925","12.992277","15885","323506123","5"
"09/19/2026 08:25:00.000","7.539724","5989","12.985719","15877","328169974","0"
"09/19/2026 08:30:00.000","14.922122","5910","12.974789","15864","327034771","12"
"09/19/2026 08:35:00.000","11.866534","6000","12.960702","15846","328012116","11"
"09/19/2026 08:40:00.000","12.858574","5925","12.946129","15829","332455866","11"
"09/19/2026 08:45:00.000","10.517119","5961","12.934714","15815","327271876","10"
"09/19/2026 08:50:00.000","11.513676","5939","12.918926","15795","334149079","11"
"09/19/2026 08:55:00.000","12.013151","5992","12.902168","15775","341660421","12"
"09/19/2026 09:00:00.000","9.209776","5987","12.884437","15753","346248345","11"
"09/19/2026 09:05:00.000","10.787137","5954","12.866221","15731","344215699","13"
"09/19/2026 09:10:00.000","11.630668","5921","12.850434","15712","344993373","12"
"09/19/2026 09:15:00.000","12.853251","5985","12.832461","15690","350435220","11"
"09/19/2026 09:20:00.000","16.953167","5948","12.813759","15667","355679538","15"
"09/19/2026 09:25:00.000","15.219851","5927","12.796271","15645","352816621","14"
"09/19/2026 09:30:00.000","14.028478","5953","12.773684","15618","358531745","17"
"09/19/2026 09:35:00.000","14.804739","5985","12.755953","15596","356247846","8"
"09/19/2026 09:40:00.000","18.603167","5948","12.736037","15572","362231013","18"
"09/19/2026 09:45:00.000","11.610594","5971","12.718550","15550","365557174","13"
"09/19/2026 09:50:00.000","17.356058","5967","12.692561","15519","372651364","20"
"09/19/2026 09:55:00.000","17.679021","5893","12.669730","15491","375439592","19"
"09/19/2026 10:00:00.000","16.573663","5943","12.648843","15465","375762631","19"
"09/19/2026 10:05:00.000","14.970458","5864","12.626498","15438","380774654","14"
"09/19/2026 10:10:00.000","20.333253","5906","12.604153","15411","385327024","24"
"09/19/2026 10:15:00.000","11.400697","5891","12.579864","15381","393786817","14"
"09/19/2026 10:20:00.000","19.178668","5856","12.552176","15347","394522008","15"
"09/19/2026 10:25:00.000","15.635445","5890","12.531045","15321","401521580","16"
"09/19/2026 10:30:00.000","18.387391","5896","12.506757","15291","408488414","24"
"09/19/2026 10:35:00.000","19.501177","5825","12.479069","15258","414741183","25"
"09/19/2026 10:40:00.000","20.162017","5830","12.454052","15227","413140856","21"
"09/19/2026 10:45:00.000","15.487877","5817","12.431221","15199","416540553","19"
"09/19/2026 10:50:00.000","17.405736","5892","12.406447","15169","419575970","18"
"09/19/2026 10:55:00.000","14.047344","5871","12.385560","15143","427376873","14"
"09/19/2026 11:00:00.000","11.424593","5880","12.361757","15114","432786698","13"
"09/19/2026 11:05:00.000","16.532073","5848","12.336983","15084","431592327","17"
"09/19/2026 11:10:00.000","14.499991","5886","12.318039","15061","434571372","13"
"09/19/2026 11:15:00.000","15.857337","5899","12.297880","15036","441562297","19"
"09/19/2026 11:20:00.000","19.211048","5853","12.276992","15011","439114196","19"
"09/19/2026 11:25:00.000","18.240341","5839","12.257076","14986","445214907","18"
"09/19/2026 11:30:00.000","20.084729","5855","12.239588","14965","450441626","17"
"09/19/2026 11:35:00.000","17.694107","5857","12.216029","14936","449551211","17"
"09/19/2026 11:40:00.000","14.785971","5796","12.198298","14914","458494817","14"
"09/19/2026 11:45:00.000","16.869253","5813","12.181054","14893","457598399","14"
"09/19/2026 11:50:00.000","18.057320","5889","12.164781","14873","458790591","15"
"09/19/2026 11:55:00.000","12.104276","5800","12.147536","14852","467599306","13"
"09/19/2026 12:00:00.000","12.568729","5767","12.134663","14837","470705368","8"
"09/19/2026 12:05:00.000","14.620118","5814","12.117905","14816","465095269","14"
"09/19/2026 12:10:00.000","12.693926","5815","12.101875","14796","472149251","13"
"09/19/2026 12:15:00.000","11.741107","5824","12.086087","14777","468812656","10"
"09/19/2026 12:20:00.000","12.200255","5851","12.071271","14759","470546795","14"
"09/19/2026 12:25:00.000","13.736343","5768","12.057913","14743","477156600","9"
"09/19/2026 12:30:00.000","10.970004","5818","12.044312","14726","474781739","13"
"09/19/2026 12:35:00.000","12.083098","5866","12.033139","14712","480161455","11"
"09/19/2026 12:40:00.000","8.824162","5830","12.020752","14697","485838358","9"
"09/19/2026 12:45:00.000","12.566380","5826","12.008365","14682","482687991","7"
"09/19/2026 12:50:00.000","16.080291","5842","11.996221","14667","487046638","10"
"09/19/2026 12:55:00.000","14.838011","5790","11.985292","14654","487317251","13"
"09/19/2026 13:00:00.000","12.534691","5805","11.973148","14639","493257219","10"
"09/19/2026 13:05:00.000","12.966770","5831","11.960032","14623","491096007","8"
"09/19/2026 13:10:00.000","11.164272","5841","11.946916","14607","498906480","10"
"09/19/2026 13:15:00.000","11.470554","5815","11.935015","14592","499923827","12"
"09/19/2026 13:20:00.000","14.768259","5805","11.922385","14577","495673131","11"
"09/19/2026 13:25:00.000","12.080190","5747","11.911213","14563","497162374","8"
"09/19/2026 13:30:00.000","11.955988","5800","11.896640","14545","496647446","13"
"09/19/2026 13:35:00.000","12.256809","5805","11.881096","14526","506830517","6"
"09/19/2026 13:40:00.000","9.379140","5799","11.869437","14512","510836726","8"
"09/19/2026 13:45:00.000","10.994273","5773","11.857293","14497","509982954","4"
"09/19/2026 13:50:00.000","15.423513","5823","11.844906","14482","512750745","12"
"09/19/2026 13:55:00.000","16.621181","5826","11.827905","14461","515102603","13"
"09/19/2026 14:00:00.000","7.959679","5812","11.814789","14445","516593869","7"
"09/19/2026 14:05:00.000","16.404052","5829","11.802159","14430","516737991","16"
"09/19/2026 14:10:00.000","17.326453","5721","11.788072","14413","521549737","16"
"09/19/2026 14:15:00.000","14.278107","5785","11.769613","14390","523513506","17"
"09/19/2026 14:20:00.000","14.758671","5721","11.750183","14366","528573207","15"
"09/19/2026 14:25:00.000","12.923526","5721","11.731481","14344","526962481","17"
"09/19/2026 14:30:00.000","17.575310","5701","11.711565","14319","533442145","14"
"09/19/2026 14:35:00.000","14.139457","5807","11.692377","14296","535547418","12"
"09/19/2026 14:40:00.000","10.812246","5756","11.674404","14274"," ","11"
"09/19/2026 14:45:00.000","9.551811","5745","11.658374","14254","543926748","10"
"09/19/2026 14:50:00.000","13.501750","5802","11.639915","14232","547629743","11"
"09/19/2026 14:55:00.000","13.049074","5798","11.619270","14206","549129950","10"
"09/19/2026 15:00:00.000","14.861207","5724","11.598868","14181","551186691","13"
"09/19/2026 15:05:00.000","19.175342","5691","11.577737","14156","554663737","17"
"09/19/2026 15:10:00.000","16.837477","5783","11.558064","14132","558894512","12"
"09/19/2026 15:15:00.000","18.320796","5751","11.535233","14104","562308961","20"
"09/19/2026 15:20:00.000","15.038107","5673","11.512888","14076","570090177","20"
"09/19/2026 15:25:00.000","8.810906","5743","11.492000","14051","569426969","6"
"09/19/2026 15:30:00.000","18.367072","5658","11.468441","14022","571769949","15"
"09/19/2026 15:35:00.000","15.468805","5764","11.447796","13997","573577560","15"
"09/19/2026 15:40:00.000","15.344542","5717","11.424965","13969","580094584","20"
"09/19/2026 15:45:00.000","15.826816","5749","11.402134","13941","586301637","17"
"09/19/2026 15:50:00.000","14.216860","5747","11.384404","13919","586923121","14"
"09/19/2026 15:55:00.000","15.784351","5759","11.365945","13897","589119362","14"
"09/19/2026 16:00:00.000","13.230348","5717","11.344086","13870","586634669","15"
"09/19/2026 16:05:00.000","11.886781","5717","11.326355","13848","582827340","14"
"09/19/2026 16:10:00.000","17.697913","5671","11.309839","13828","591358826","17"
"09/19/2026 16:15:00.000","10.880355","5732","11.292109","13806","588907821","10"
"09/19/2026 16:20:00.000","11.664600","5700","11.273650","13784","593910396","12"
"09/19/2026 16:25:00.000","16.073733","5643","11.257863","13764","593472466","10"
"09/19/2026 16:30:00.000","13.414258","5649","11.243047","13746","596167370","9"
"09/19/2026 16:35:00.000","15.785244","5735","11.223617","13723","601030388","16"
"09/19/2026 16:40:00.000","15.195985","5692","11.210258","13706","597987576","14"
"09/19/2026 16:45:00.000","9.731253","5687","11.196414","13689","606659357","7"
"09/19/2026 16:50:00.000","14.794768","5675","11.182570","13672","600242368","11"
"09/19/2026 16:55:00.000","15.936824","5689","11.165082","13651","610979091","18"
"09/19/2026 17:00:00.000","11.784374","5727","11.150995","13634","612610448","7"
"09/19/2026 17:05:00.000","7.638643","5650","11.139580","13620","608643689","7"
"09/19/2026 17:10:00.000","12.421221","5737","11.126464","13604","616093397","11"
"09/19/2026 17:15:00.000","13.676261","5662","11.112377","13587","618739006","8"
"09/19/2026 17:20:00.000","10.754382","5634","11.100476","13572","614828887","10"
"09/19/2026 17:25:00.000","5.498258","5625","11.093675","13564","616592847","6"
"09/19/2026 17:30:00.000","9.346006","5634","11.082988","13551","620539422","3"
"09/19/2026 17:35:00.000","9.267274","5648","11.074730","13541","623959684","6"
"09/19/2026 17:40:00.000","9.873118","5626","11.066958","13531","621509572","6"
"09/19/2026 17:45:00.000","10.251116","5707","11.060400","13523","620243261","4"
"09/19/2026 17:50:00.000","9.604431","5663","11.053357","13514","621384125","5"
"09/19/2026 17:55:00.000","8.726783","5693","11.044856","13504","630562973","7"
"09/19/2026 18:00:00.000","8.040519","5687","11.035869","13493","627741463","8"
"09/19/2026 18:05:00.000","6.823878","5649","11.030283","13486","631758621","0"
"09/19/2026 18:10:00.000","9.698864","5704","11.025183","13480","631503906","5"
"09/19/2026 18:15:00.000","6.811141","5680","11.019596","13473","636588190","2"
"09/19/2026 18:20:00.000","8.351807","5659","11.015467","13468","636563445","0"
"09/19/2026 18:25:00.000","10.463004","5708","11.007452","13458","640184635","6"
"09/19/2026 18:30:00.000","10.350723","5684","11.001623","13451","636377786","5"
"09/19/2026 18:35:00.000","5.923633","5657","10.996766","13445","634804004","3"
"09/19/2026 18:40:00.000","10.517496","5669","10.990936","13438","639790619","6"
"09/19/2026 18:45:00.000","12.030879","5655","10.982921","13428","641608570","5"
"09/19/2026 18:50:00.000","6.763475","5684","10.978064","13422","644275100","0"
"09/19/2026 18:55:00.000","9.572273","5619","10.971992","13415","646783329","5"
"09/19/2026 19:00:00.000","9.839659","5705","10.965434","13407","644821383","4"
"09/19/2026 19:05:00.000","5.917460","5629","10.960819","13401","644226945","3"
"09/19/2026 19:10:00.000","4.404738","5592","10.956204","13396","640456957","2"
"09/19/2026 19:15:00.000","7.996212","5621","10.950861","13389","647906647","5"
"09/19/2026 19:20:00.000","9.094826","5682","10.944789","13382","648119725","5"
"09/19/2026 19:25:00.000","9.469157","5599","10.938231","13374","648594062","6"
"09/19/2026 19:30:00.000","5.058435","5610","10.932645","13367","643707753","4"
"09/19/2026 19:35:00.000","12.477668","5643","10.924630","13357","646855316","8"
"09/19/2026 19:40:00.000","7.673104","5676","10.917829","13349","647347708","5"
"09/19/2026 19:45:00.000","10.551122","5586","10.911757","13341","648731837","6"
"09/19/2026 19:50:00.000","6.577416","5656","10.904714","13333","650605046","6"
"09/19/2026 19:55:00.000","7.347269","5626","10.897913","13324","646054821","4"
"09/19/2026 20:00:00.000","7.739028","5606","10.889898","13315","652316093","5"
"09/19/2026 20:05:00.000","8.946167","5663","10.886012","13310","650648369","0"
"09/19/2026 20:10:00.000","9.523722","5677","10.878240","13300","646715816","2"
"09/19/2026 20:15:00.000","10.845538","5647","10.871682","13292","650209473","6"
"09/19/2026 20:20:00.000","5.928615","5622","10.863424","13282","654790738","2"
"09/19/2026 20:25:00.000","6.389135","5642","10.855652","13273","650266449","1"
"09/19/2026 20:30:00.000","11.015271","5689","10.849094","13265","650993247","5"
"09/19/2026 20:35:00.000","9.121970","5682","10.843022","13257","653215564","5"
"09/19/2026 20:40:00.000","11.653807","5681","10.834521","13247","655122705","7"
"09/19/2026 20:45:00.000","9.186532","5679","10.827720","13239","654374550","8"
"09/19/2026 20:50:00.000","8.634707","5651","10.822863","13233","660699301","3"
"09/19/2026 20:55:00.000","4.924820","5587","10.818734","13228","659381658","0"
"09/19/2026 21:00:00.000","11.461192","5636","10.811690","13219","657822800","9"
"09/19/2026 21:05:00.000","9.334929","5661","10.807318","13214","663875551","0"
"09/19/2026 21:10:00.000","8.276066","5615","10.804161","13210","664092423","1"
"09/19/2026 21:15:00.000","6.338187","5646","10.801489","13207","663404304","0"
"09/19/2026 21:20:00.000","9.611568","5582","10.798089","13202","665846654","2"
"09/19/2026 21:25:00.000","6.011645","5665","10.793717","13197","661584651","5"
"09/19/2026 21:30:00.000","6.849229","5622","10.790802","13193","664859650","2"
"09/19/2026 21:35:00.000","5.340891","5616","10.787645","13190","661601257","4"
"09/19/2026 21:40:00.000","7.965907","5634","10.784973","13186","659218769","6"
"09/19/2026 21:45:00.000","4.665136","5647","10.781816","13182","662383718","2"
"09/19/2026 21:50:00.000","7.623702","5663","10.779387","13179","661760186","0"
"09/19/2026 21:55:00.000","7.844841","5592","10.777201","13177","666476518","3"
"09/19/2026 22:00:00.000","7.294211","5630","10.775015","13174","668473654","1"
"09/19/2026 22:05:00.000","7.441227","5611","10.772344","13171","668557193","2"
"09/19/2026 22:10:00.000","8.274247","5663","10.769915","13168","666314159","3"
"09/19/2026 22:15:00.000","10.002119","5637","10.768215","13166","669242524","3"
"09/19/2026 22:20:00.000","6.542146","5661","10.767000","13164","674247137","2"
"09/19/2026 22:25:00.000","8.606231","5607","10.764814","13162","671718326","1"
"09/19/2026 22:30:00.000","5.344002","5651","10.763114","13160","671795952","4"
"09/19/2026 22:35:00.000","8.319654","5600","10.760685","13157","670805236","5"
"09/19/2026 22:40:00.000","6.757291","5643","10.759714","13155","669059680","1"
"09/19/2026 22:45:00.000","5.272737","5668","10.758014","13153","670683711","1"
"09/19/2026 22:50:00.000","6.557109","5629","10.755585","13150","668704319","1"
"09/19/2026 22:55:00.000","7.092003","5638","10.753885","13148","665106203","0"
"09/19/2026 23:00:00.000","4.078127","5573","10.750484","13144","666482557","2"
"09/19/2026 23:05:00.000","8.073667","5578","10.749270","13143","665367904","2"
"09/19/2026 23:10:00.000","7.481219","5622","10.747813","13141","669687733","1"
"09/19/2026 23:15:00.000","8.846859","5606","10.746355","13139","667437569","0"
"09/19/2026 23:20:00.000","7.273315","5564","10.743926","13136","666587393","5"
"09/19/2026 23:25:00.000","7.242480","5680","10.741740","13133","668399083","1"
"09/19/2026 23:30:00.000","4.776500","5564","10.740283","13132","668519325","0"
"09/19/2026 23:35:00.000","7.625816","5648","10.739797","13131","666517028","1"
"09/19/2026 23:40:00.000","7.940639","5577","10.738340","13129","673719834","1"
"09/19/2026 23:45:00.000","8.114422","5579","10.736397","13127","668128667","0"
"09/19/2026 23:50:00.000","7.005719","5644","10.734940","13125","669595736","0"
"09/19/2026 23:55:00.000","4.338707","5566","10.734454","13125","673547416","0"
"09/20/2026 00:00:00.000","7.419045","5610","10.733725","13124","669342548","1"
"09/20/2026 00:05:00.000","8.105192","5680","10.733483","13123","671651536","1"
"09/20/2026 00:10:00.000","6.847348","5615","10.732754","13122","668358931","0"
"09/20/2026 00:15:00.000","7.057281","5564","10.731297","13121","670547732","0"
"09/20/2026 00:20:00.000","7.126929","5679","10.730568","13120","666726052","4"
"09/20/2026 00:25:00.000","4.223525","5630","10.729596","13119","671396165","0"
"09/20/2026 00:30:00.000","3.759843","5590","10.728868","13118","672551223","2"
"09/20/2026 00:35:00.000","5.849265","5658","10.728382","13117","670678339","1"
"09/20/2026 00:40:00.000","7.663416","5598","10.727653","13116","670303360","1"
"09/20/2026 00:45:00.000","5.854652","5558","10.727411","13116","672667735","1"
"09/20/2026 00:50:00.000","8.236419","5598","10.726925","13115","674954414","1"
"09/20/2026 00:55:00.000","6.789954","5630","10.725467","13114","672262682","0"
"09/20/2026 01:00:00.000","8.632010","5585","10.724982","13113","668392755","2"
"09/20/2026 01:05:00.000","9.683802","5652","10.724253","13112","674442016","2"
"09/20/2026 01:10:00.000","6.689456","5666","10.724010","13112","669969150","0"
"09/20/2026 01:15:00.000","4.348993","5592","10.722796","13110","674569783","4"
"09/20/2026 01:20:00.000","6.397710","5562","10.722067","13109","672076057","0"
"09/20/2026 01:25:00.000","6.630496","5677","10.721096","13108","671606833","1"
"09/20/2026 01:30:00.000","8.939652","5632","10.719881","13107","669224079","2"
"09/20/2026 01:35:00.000","9.182567","5571","10.718910","13106","675627269","2"
"09/20/2026 01:40:00.000","8.255398","5678","10.718181","13105","670907736","0"
"09/20/2026 01:45:00.000","7.396112","5566","10.717452","13104","668348493","0"
"09/20/2026 01:50:00.000","6.805604","5677","10.716724","13103","669976070","3"
"09/20/2026 01:55:00.000","3.068533","5605","10.716238","13102","667845777","0"
"09/20/2026 02:00:00.000","5.719595","6034","10.715266","13101","309275700","0"
"09/20/2026 02:05:00.000","4.001123","5960","10.715024","13101","312189136","3"
"09/20/2026 02:10:00.000","5.016664","5949","10.714295","13100","306850025","1"
"09/20/2026 02:15:00.000","7.381070","5953","10.712595","13098","311810736","2"
"09/20/2026 02:20:00.000","6.514157","6035","10.712109","13097","307044145","0"
"09/20/2026 02:25:00.000","6.774405","6018","10.710409","13095","308365170","0"
"09/20/2026 02:30:00.000","7.679453","5935","10.709923","13095","304731494","1"
"09/20/2026 02:35:00.000","5.871361","6010","10.708223","13092","308829957","2"
"09/20/2026 02:40:00.000","7.164461","5945","10.707737","13092","309941688","1"
"09/20/2026 02:45:00.000","4.497696","6037","10.706523","13090","303338464","1"
"09/20/2026 02:50:00.000","6.447071","5986","10.706523","13090","305153624","1"
"09/20/2026 02:55:00.000","4.684079","5956","10.705551","13089","304375478","0"
"09/20/2026 03:00:00.000","3.325824","5960","10.704580","13088","310472282","1"
"09/20/2026 03:05:00.000","8.837626","6018","10.703122","13086","309000328","0"
"09/20/2026 03:10:00.000","9.886166","5973","10.702151","13085","305465526","3"
"09/20/2026 03:15:00.000","8.495897","6002","10.701422","13084","310202929","0"
"09/20/2026 03:20:00.000","5.632183","5932","10.700936","13084","307190942","2"
"09/20/2026 03:25:00.000","4.932872","5978","10.700936","13084","310175579","0"
"09/20/2026 03:30:00.000","6.608530","6022","10.700208","13083","307451398","0"
"09/20/2026 03:35:00.000","5.422168","5942","10.699479","13082","305973046","1"
"09/20/2026 03:40:00.000","5.340208","6008","10.697779","13080","303440939","0"
"09/20/2026 03:45:00.000","8.603443","5958","10.697050","13079","307161729","1"
"09/20/2026 03:50:00.000","5.940349","5969","10.696079","13078","305326711","2"
"09/20/2026 03:55:00.000","5.529178","5972","10.695593","13077","304476315","0"
"09/20/2026 04:00:00.000","4.982865","5945","10.695350","13077","308242148","2"
"09/20/2026 04:05:00.000","8.396474","6021","10.694864","13076","307882198","0"
"09/20/2026 04:10:00.000","7.526201","6018","10.694136","13075","305801529","1"
"09/20/2026 04:15:00.000","8.385494","6044","10.692679","13073","308282421","1"
"09/20/2026 04:20:00.000","3.065728","5984","10.691707","13072","303855886","1"
"09/20/2026 04:25:00.000","6.538420","6008","10.691464","13072","307442261","2"
"09/20/2026 04:30:00.000","9.638986","5963","10.690250","13070","304965758","1"
"09/20/2026 04:35:00.000","6.080315","6025","10.689521","13070","304078092","2"
"09/20/2026 04:40:00.000","8.316575","5991","10.688550","13068","304483419","2"
"09/20/2026 04:45:00.000","6.403744","6028","10.688307","13068","304992917","0"
"09/20/2026 04:50:00.000","5.567536","5939","10.687821","13068","303414956","2"
"09/20/2026 04:55:00.000","3.710809","5952","10.687092","13067","304586075","1"
"09/20/2026 05:00:00.000","4.747373","6037","10.687092","13067","307281556","0"
"09/20/2026 05:05:00.000","6.741214","5936","10.686849","13066","310378465","2"
"09/20/2026 05:10:00.000","4.341003","5981","10.686606","13066","307089945","0"
"09/20/2026 05:15:00.000","9.199795","6018","10.685635","13065","308224032","2"
"09/20/2026 05:20:00.000","5.844104","6035","10.683692","13062","308392777","0"
"09/20/2026 05:25:00.000","4.674029","5985","10.681749","13060","308970234","2"
"09/20/2026 05:30:00.000","5.370796","5999","10.680292","13058","312910316","0"
"09/20/2026 05:35:00.000","5.089995","5978","10.678106","13056","306661800","1"
"09/20/2026 05:40:00.000","7.222500","5928","10.677620","13055","313986804","1"
"09/20/2026 05:45:00.000","8.358534","6011","10.676891","13054","310832886","1"
"09/20/2026 05:50:00.000","5.703357","5976","10.676163","13053","311093607","1"
"09/20/2026 05:55:00.000","5.377325","6013","10.674705","13051","313654997","3"
"09/20/2026 06:00:00.000","8.023779","6014","10.673491","13050","312145957","1"
"09/20/2026 06:05:00.000","8.154061","5939","10.672519","13049","306649685","0"
"09/20/2026 06:10:00.000","8.996147","5924","10.671548","13048","309430916","1"
"09/20/2026 06:15:00.000","3.703899","5969","10.670576","13046","306934874","1"
"09/20/2026 06:20:00.000","4.316186","6021","10.669605","13045","306881423","1"
"09/20/2026 06:25:00.000","8.265710","5972","10.668148","13043","308446708","0"
"09/20/2026 06:30:00.000","7.819876","6038","10.666204","13041","311105851","0"
"09/20/2026 06:35:00.000","5.075951","5931","10.664261","13039","314420491","1"
"09/20/2026 06:40:00.000","9.202538","5950","10.662804","13037","312930655","2"
"09/20/2026 06:45:00.000","10.129317","6038","10.660375","13034","314179300","5"
"09/20/2026 06:50:00.000","9.422481","6023","10.659161","13032","312453109","1"
"09/20/2026 06:55:00.000","11.105795","6024","10.657218","13030","310896882","2"
"09/20/2026 07:00:00.000","8.412783","6032","10.655518","13028","316922649","1"
"09/20/2026 07:05:00.000","6.377512","5982","10.653575","13026","320379753","1"
"09/20/2026 07:10:00.000","7.766242","5915","10.652117","13024","321001728","1"
"09/20/2026 07:15:00.000","4.291164","6018","10.649203","13020","319554460","1"
"09/20/2026 07:20:00.000","8.419834","6002","10.647017","13018","314773714","3"
"09/20/2026 07:25:00.000","6.343053","6028","10.643374","13013","316696763","5"
"09/20/2026 07:30:00.000","5.747328","5939","10.641431","13011","315345030","0"
"09/20/2026 07:35:00.000","9.624826","5975","10.638759","13008","318872116","2"
"09/20/2026 07:40:00.000","8.862098","5967","10.634387","13002","318954417","3"
"09/20/2026 07:45:00.000","7.737615","5983","10.630501","12997","316219957","4"
"09/20/2026 07:50:00.000","8.877212","5925","10.626858","12993","324336077","4"
"09/20/2026 07:55:00.000","7.832596","5928","10.622000","12987","320774470","3"
"09/20/2026 08:00:00.000","7.769506","5990","10.616414","12980","325311015","4"
"09/20/2026 08:05:00.000","8.031529","6018","10.613256","12976","325010490","1"
"09/20/2026 08:10:00.000","9.065185","5964","10.608156","12970","324350564","4"
"09/20/2026 08:15:00.000","7.946370","5913","10.601841","12962","324601301","5"
"09/20/2026 08:20:00.000","8.429178","6015","10.597469","12957","327355223","4"
"09/20/2026 08:25:00.000","6.600637","5994","10.591883","12950","324206514","4"
"09/20/2026 08:30:00.000","9.761172","5922","10.585325","12942","331026519","5"
"09/20/2026 08:35:00.000","8.398105","5934","10.576581","12932","327568502","8"
"09/20/2026 08:40:00.000","12.383195","5971","10.567595","12921","327048811","8"
"09/20/2026 08:45:00.000","10.339535","5997","10.559823","12911","332543197","5"
"09/20/2026 08:50:00.000","7.525355","5959","10.551079","12900","334048449","5"
"09/20/2026 08:55:00.000","17.425482","5896","10.539421","12886","334817143","15"
"09/20/2026 09:00:00.000","10.079733","5966","10.528248","12872","340403978","7"
"09/20/2026 09:05:00.000","10.943945","5949","10.519019","12861","340900432","7"
"09/20/2026 09:10:00.000","8.654730","5963","10.508332","12848","341352534","6"
"09/20/2026 09:15:00.000","10.292429","5987","10.499102","12837","343872334","5"
"09/20/2026 09:20:00.000","10.421697","5885","10.487201","12822","346369014","6"
"09/20/2026 09:25:00.000","11.800129","5958","10.477972","12811","345142991","5"
"09/20/2026 09:30:00.000","15.124063","5897","10.461942","12791","349222533","13"
"09/20/2026 09:35:00.000","7.592420","5944","10.449312","12776","351715858","4"
"09/20/2026 09:40:00.000","7.346607","5907","10.438868","12763","352779911","5"
"09/20/2026 09:45:00.000","10.050490","5948","10.424538","12746","355554903","10"
"09/20/2026 09:50:00.000","18.244918","5928","10.408751","12726","360823998","19"
"09/20/2026 09:55:00.000","13.813185","5961","10.393206","12707","360522605","12"
"09/20/2026 10:00:00.000","16.291161","5929","10.377905","12689","358292755","13"
"09/20/2026 10:05:00.000","17.284309","5974","10.362117","12669","366317073","18"
"09/20/2026 10:10:00.000","15.470282","5943","10.346087","12650","367298602","14"
"09/20/2026 10:15:00.000","9.223919","5935","10.332243","12633","364720762","10"
"09/20/2026 10:20:00.000","10.748295","5868","10.319127","12617","364613580","3"
"09/20/2026 10:25:00.000","12.637259","5958","10.302854","12597","362890177","14"
"09/20/2026 10:30:00.000","16.622974","5972","10.289010","12580","363563655","12"
"09/20/2026 10:35:00.000","15.379481","5936","10.272009","12559","374469543","11"
"09/20/2026 10:40:00.000","13.328878","5970","10.259622","12544","372565944","9"
"09/20/2026 10:45:00.000","9.440754","5937","10.243591","12524","376346750","6"
"09/20/2026 10:50:00.000","15.225135","5951","10.233633","12512","375620761","12"
"09/20/2026 10:55:00.000","13.369821","5875","10.220518","12496","381738471","10"
"09/20/2026 11:00:00.000","17.618499","5958","10.203030","12475","385760504","16"
"09/20/2026 11:05:00.000","12.691554","5888","10.189915","12459","382421423","14"
"09/20/2026 11:10:00.000","15.417303","5967","10.175585","12441","383597246","11"
"09/20/2026 11:15:00.000","11.051522","5898","10.161498","12424","383155046","10"
"09/20/2026 11:20:00.000","14.164201","5908","10.146925","12406","387648724","13"
"09/20/2026 11:25:00.000","12.221553","5952","10.131380","12387","386343135","9"
"09/20/2026 11:30:00.000","17.588218","5857","10.115836","12368","391268392","16"
"09/20/2026 11:35:00.000","9.718995","5933","10.101749","12351","391958204","6"
"09/20/2026 11:40:00.000","15.080654","5891","10.087662","12334","392053511","13"
"09/20/2026 11:45:00.000","12.306437","5897","10.074546","12318","390981980","8"
"09/20/2026 11:50:00.000","8.451479","5890","10.060702","12301","396138320","5"
"09/20/2026 11:55:00.000","9.578716","5862","10.048072","12285","396994317","8"
"09/20/2026 12:00:00.000","11.419156","5918","10.034471","12269","401847482","9"
"09/20/2026 12:05:00.000","13.685161","5942","10.022327","12254","404188364","10"
"09/20/2026 12:10:00.000","15.851288","5927","10.011154","12240","403340119","14"
"09/20/2026 12:15:00.000","6.359501","5895","10.000225","12227","403527620","3"
"09/20/2026 12:20:00.000","6.317650","5932","9.992452","12217","401882576","4"
"09/20/2026 12:25:00.000","9.732489","5917","9.983709","12207","409060674","5"
"09/20/2026 12:30:00.000","7.585747","5838","9.974236","12195","412816229","5"
"09/20/2026 12:35:00.000","12.186295","5903","9.966464","12186","412103345","7"
"09/20/2026 12:40:00.000","10.883490","5931","9.956263","12173","410255491","8"
"09/20/2026 12:45:00.000","8.822535","5872","9.951891","12168","414283559","1"
"09/20/2026 12:50:00.000","9.235479","5923","9.944119","12158","418399880","3"
"09/20/2026 12:55:00.000","4.387844","5876","9.937318","12150","415755707","1"
"09/20/2026 13:00:00.000","4.690094","5861","9.931246","12142","418113300","0"
"09/20/2026 13:05:00.000","11.338426","5913","9.924446","12134","415383038","7"
"09/20/2026 13:10:00.000","5.664604","5859","9.918374","12127","419363308","5"
"09/20/2026 13:15:00.000","8.122027","5925","9.910359","12117","420210666","6"
"09/20/2026 13:20:00.000","5.670712","5904","9.905258","12111","419661761","2"
"09/20/2026 13:25:00.000","10.147091","5820","9.897729","12102","413572112","6"
"09/20/2026 13:30:00.000","11.367145","5824","9.888985","12091","419615057","7"
"09/20/2026 13:35:00.000","8.485087","5896","9.881942","12082","422938239","8"
"09/20/2026 13:40:00.000","7.927065","5877","9.874898","12074","417813464","4"
"09/20/2026 13:45:00.000","11.232069","5866","9.866883","12064","425549664","9"
"09/20/2026 13:50:00.000","8.217711","5876","9.855953","12050","426606022","3"
"09/20/2026 13:55:00.000","8.975116","5886","9.849638","12043","427760936","2"
"09/20/2026 14:00:00.000","10.535731","5811","9.840895","12032","428538509","7"
"09/20/2026 14:05:00.000","11.998326","5846","9.833365","12023","432744619","9"
"09/20/2026 14:10:00.000","12.804761","5811","9.824379","12012","433533473","8"
"09/20/2026 14:15:00.000","10.064831","5896","9.813935","11999","431311495","4"
"09/20/2026 14:20:00.000","12.575894","5888","9.803005","11986","429212653","12"
"09/20/2026 14:25:00.000","12.820019","5839","9.790861","11971","436308212","7"
"09/20/2026 14:30:00.000","7.715383","5858","9.779446","11957","436525344","8"
"09/20/2026 14:35:00.000","8.440530","5913","9.770702","11946","437849779","4"
"09/20/2026 14:40:00.000","12.211663","5867","9.759044","11932","437594132","7"
"09/20/2026 14:45:00.000","11.867009","5882","9.745685","11916","438043634","9"
"09/20/2026 14:50:00.000","13.906343","5811","9.734756","11902","439407976","9"
"09/20/2026 14:55:00.000","9.715045","5906","9.719697","11884","444277227","11"
"09/20/2026 15:00:00.000","11.824521","5869","9.707067","11868","439451175","14"
"09/20/2026 15:05:00.000","11.759497","5864","9.692980","11851","446628145","6"
"09/20/2026 15:10:00.000","9.089917","5898","9.678893","11834","442128779","8"
"09/20/2026 15:15:00.000","14.845012","5872","9.667963","11821","450358436","10"
"09/20/2026 15:20:00.000","10.727493","5854","9.652176","11801","449626406","8"
"09/20/2026 15:25:00.000","11.230162","5843","9.636632","11782","452571803","5"
"09/20/2026 15:30:00.000","11.779818","5843","9.624002","11767","451724149","10"
"09/20/2026 15:35:00.000","14.479462","5799","9.606271","11745","452083437","13"
"09/20/2026 15:40:00.000","15.932538","5798","9.592913","11729","451481174","12"
"09/20/2026 15:45:00.000","10.286165","5790","9.577369","11710","457218595","12"
"09/20/2026 15:50:00.000","13.237661","5790","9.563524","11693","458309728","8"
"09/20/2026 15:55:00.000","9.968006","5814","9.547980","11674","456751638","10"
"09/20/2026 16:00:00.000","7.706693","5804","9.535593","11659","459450630","8"
"09/20/2026 16:05:00.000","6.380804","5889","9.526364","11647","461888021","6"
"09/20/2026 16:10:00.000","8.706476","5827","9.513977","11632","461916295","9"
"09/20/2026 16:15:00.000","9.387593","5881","9.503047","11619","470718368","8"
"09/20/2026 16:20:00.000","14.301651","5872","9.489931","11603","470693635","13"
"09/20/2026 16:25:00.000","10.769431","5860","9.481188","11592","466113962","9"
"09/20/2026 16:30:00.000","9.695607","5824","9.467586","11576","470763841","10"
"09/20/2026 16:35:00.000","7.901591","5835","9.459814","11566","470183499","6"
"09/20/2026 16:40:00.000","4.530192","5841","9.451070","11555","473191405","3"
"09/20/2026 16:45:00.000","6.301324","5782","9.438926","11541","479769435","4"
"09/20/2026 16:50:00.000","12.844700","5780","9.429211","11529","473720143","8"
"09/20/2026 16:55:00.000","10.139683","5790","9.419010","11516","476864011","4"
"09/20/2026 17:00:00.000","6.925187","5794","9.411724","11507","485524195","5"
"09/20/2026 17:05:00.000","6.394697","5811","9.407595","11502","481250705","2"
"09/20/2026 17:10:00.000","10.834717","5787","9.397151","11489","486503795","10"
"09/20/2026 17:15:00.000","8.522137","5809","9.390836","11482","482839911","7"
"09/20/2026 17:20:00.000","6.728495","5805","9.383792","11473","484190688","5"
"09/20/2026 17:25:00.000","7.837622","5845","9.377720","11466","478807518","6"
"09/20/2026 17:30:00.000","9.707538","5750","9.370434","11457","480515561","6"
"09/20/2026 17:35:00.000","5.919181","5784","9.365091","11450","483366562","5"
"09/20/2026 17:40:00.000","9.430672","5808","9.358776","11443","486421426","3"
"09/20/2026 17:45:00.000","7.132290","5775","9.354161","11437","484571671","3"
"09/20/2026 17:50:00.000","8.465975","5797","9.347117","11428","486527765","6"
"09/20/2026 17:55:00.000","4.097035","5794","9.343474","11424","488048242","0"
"09/20/2026 18:00:00.000","5.286975","5806","9.340802","11421","491330640","2"
"09/20/2026 18:05:00.000","7.351673","5827","9.336916","11416","487956785","2"
"09/20/2026 18:10:00.000","5.275834","5842","9.330844","11408","494805042","3"
"09/20/2026 18:15:00.000","9.605854","5805","9.327687","11405","493849618","3"
"09/20/2026 18:20:00.000","5.921475","5841","9.325015","11401","492527215","5"
"09/20/2026 18:25:00.000","9.106766","5751","9.321615","11397","494250819","3"
"09/20/2026 18:30:00.000","6.668179","5846","9.317000","11391","496524364","3"
"09/20/2026 18:35:00.000","10.712239","5755","9.311900","11385","491986886","8"
"09/20/2026 18:40:00.000","10.556663","5753","9.308014","11380","494558229","3"
"09/20/2026 18:45:00.000","8.272792","5815","9.303156","11375","496809808","1"
"09/20/2026 18:50:00.000","5.001319","5854","9.299756","11370","493157483","4"
"09/20/2026 18:55:00.000","6.181390","5807","9.295627","11365","494270105","3"
"09/20/2026 19:00:00.000","10.402387","5747","9.292955","11362","487968593","4"
"09/20/2026 19:05:00.000","7.209035","5819","9.288583","11357","497381886","2"
"09/20/2026 19:10:00.000","6.833556","5846","9.285183","11353","496547597","4"
"09/20/2026 19:15:00.000","9.932892","5786","9.280568","11347","491355759","4"
"09/20/2026 19:20:00.000","8.129559","5800","9.276196","11342","496361403","0"
"09/20/2026 19:25:00.000","6.011080","5745","9.273039","11338","494591052","5"
"09/20/2026 19:30:00.000","11.794026","5745","9.268181","11332","492390722","5"
"09/20/2026 19:35:00.000","7.726281","5739","9.263809","11326","496439552","0"
"09/20/2026 19:40:00.000","8.074235","5790","9.258709","11320","494842715","3"
"09/20/2026 19:45:00.000","8.583864","5832","9.252880","11313","493111739","5"
"09/20/2026 19:50:00.000","4.354770","5738","9.248993","11308","497749052","0"
"09/20/2026 19:55:00.000","5.077927","5836","9.244864","11303","498363630","1"
"09/20/2026 20:00:00.000","8.228717","5785","9.240978","11299","500364971","3"
"09/20/2026 20:05:00.000","4.660313","5829","9.239521","11297","496308442","0"
"09/20/2026 20:10:00.000","10.188240","5750","9.234663","11291","497330943","3"
"09/20/2026 20:15:00.000","7.800993","5821","9.229806","11285","504566007","2"
"09/20/2026 20:20:00.000","6.620240","5802","9.225191","11279","499124496","0"
"09/20/2026 20:25:00.000","8.625992","5804","9.221062","11274","502227342","3"
"09/20/2026 20:30:00.000","7.968495","5845","9.217419","11270","504548122","6"
"09/20/2026 20:35:00.000","8.096579","5821","9.213533","11265","501183428","6"
"09/20/2026 20:40:00.000","6.761679","5770","9.209890","11261","505376897","2"
"09/20/2026 20:45:00.000","8.750017","5750","9.204789","11254","500891704","4"
"09/20/2026 20:50:00.000","7.676948","5731","9.202360","11251","500562241","3"
"09/20/2026 20:55:00.000","5.709147","5744","9.198960","11247","501190462","1"
"09/20/2026 21:00:00.000","5.338745","5765","9.194831","11242","500611651","5"
"09/20/2026 21:05:00.000","4.274621","5767","9.192645","11239","505705446","2"
"09/20/2026 21:10:00.000","6.340195","5778","9.189730","11236","505645071","3"
"09/20/2026 21:15:00.000","11.659767","5791","9.184387","11229","501813417","3"
"09/20/2026 21:20:00.000","3.836505","5822","9.180744","11225","504759334","1"
"09/20/2026 21:25:00.000","7.207462","5841","9.177586","11221","509805954","0"
"09/20/2026 21:30:00.000","8.921449","5807","9.175158","11218","505285904","0"
"09/20/2026 21:35:00.000","6.677396","5793","9.173700","11216","507043217","0"
"09/20/2026 21:40:00.000","7.411190","5831","9.170786","11213","504124832","0"
"09/20/2026 21:45:00.000","10.085645","5813","9.168357","11210","509439682","1"
"09/20/2026 21:50:00.000","4.619270","5772","9.166171","11207","509002192","0"
"09/20/2026 21:55:00.000","6.627783","5826","9.164957","11206","504080161","1"
"09/20/2026 22:00:00.000","7.448993","5834","9.163256","11204","504964812","3"
"09/20/2026 22:05:00.000","4.433281","5774","9.162042","11202","512578799","1"
"09/20/2026 22:10:00.000","4.791347","5744","9.160585","11200","510146476","3"
"09/20/2026 22:15:00.000","5.420903","5805","9.158885","11198","508262075","1"
"09/20/2026 22:20:00.000","6.818592","5767","9.156699","11195","511101652","0"
"09/20/2026 22:25:00.000","6.487156","5729","9.155970","11195","506016898","1"
"09/20/2026 22:30:00.000","7.273695","5805","9.154756","11193","508256801","2"
"09/20/2026 22:35:00.000","3.670784","5765","9.153541","11192","507819696","1"
"09/20/2026 22:40:00.000","3.796581","5823","9.152327","11190","510465538","0"
"09/20/2026 22:45:00.000","6.325160","5728","9.150627","11188","510264098","0"
"09/20/2026 22:50:00.000","7.614325","5749","9.149898","11187","505476373","2"
"09/20/2026 22:55:00.000","5.323049","5826","9.149412","11187","505162823","2"
"09/20/2026 23:00:00.000","3.880112","5798","9.148926","11186","510020538","0"
"09/20/2026 23:05:00.000","6.481668","5772","9.147955","11185","508136187","0"
"09/20/2026 23:10:00.000","8.010144","5764","9.146740","11183","514414494","0"
"09/20/2026 23:15:00.000","8.850183","5761","9.146255","11183","508270395","0"
"09/20/2026 23:20:00.000","5.495713","5816","9.145283","11182","511994719","2"
"09/20/2026 23:25:00.000","9.858604","5810","9.144312","11180","511964886","4"
"09/20/2026 23:30:00.000","8.334705","5757","9.143097","11179","508873997","2"
"09/20/2026 23:35:00.000","9.486731","5804","9.141883","11177","516748734","1"
"09/20/2026 23:40:00.000","6.669732","5819","9.140668","11176","515283393","0"
"09/20/2026 23:45:00.000","5.527092","5836","9.139940","11175","516130121","1"
"09/20/2026 23:50:00.000","4.492723","5815","9.139454","11174","511923305","0"
"09/20/2026 23:55:00.000","7.330449","5807","9.137268","11172","514349055","2"
