TimeCreated,LogName,ProviderName,Id,LevelDisplayName,MachineName,Message
2026-09-14 01:11:24,System,Microsoft-Windows-DistributedCOM,10016,Warning,WEB-PAGOS-01,The application-specific permission settings do not grant Local Activation permission for the COM Server application with CLSID {2593F8B9-4EAF-457C-B68A-50F6B8EA6B54} to the user NT AUTHORITY\LOCAL SERVICE SID (S-1-5-19).
2026-09-14 01:27:05,System,Microsoft-Windows-DistributedCOM,10016,Warning,WEB-PAGOS-01,The application-specific permission settings do not grant Local Activation permission for the COM Server application with CLSID {2593F8B9-4EAF-457C-B68A-50F6B8EA6B54} to the user NT AUTHORITY\LOCAL SERVICE SID (S-1-5-19).
2026-09-14 01:53:24,System,Microsoft-Windows-DistributedCOM,10016,Warning,WEB-PAGOS-01,The application-specific permission settings do not grant Local Activation permission for the COM Server application with CLSID {2593F8B9-4EAF-457C-B68A-50F6B8EA6B54} to the user NT AUTHORITY\LOCAL SERVICE SID (S-1-5-19).
2026-09-14 02:00:01,System,Microsoft-Windows-IIS-IISReset,3201,Information,WEB-PAGOS-01,IIS stop command received from user ANDINA\svc_mantenimiento. The logged data is the status code.
2026-09-14 02:00:15,System,Microsoft-Windows-IIS-IISReset,3202,Information,WEB-PAGOS-01,IIS start command received from user ANDINA\svc_mantenimiento. The logged data is the status code.
2026-09-14 02:00:41,Microsoft-Windows-TaskScheduler/Operational,Microsoft-Windows-TaskScheduler,201,Information,WEB-PAGOS-01,"Task Scheduler successfully completed task ""\Mantenimiento\MantenimientoDiarioIIS"" , instance ""{...}"" , action ""C:\Windows\SYSTEM32\cmd.exe"" with return code 0."
2026-09-14 02:33:01,System,Microsoft-Windows-DistributedCOM,10016,Warning,WEB-PAGOS-01,The application-specific permission settings do not grant Local Activation permission for the COM Server application with CLSID {2593F8B9-4EAF-457C-B68A-50F6B8EA6B54} to the user NT AUTHORITY\LOCAL SERVICE SID (S-1-5-19).
2026-09-14 02:40:21,System,Service Control Manager,7036,Information,WEB-PAGOS-01,The Servicio Notificaciones service entered the running state.
2026-09-14 03:03:20,System,Service Control Manager,7036,Information,WEB-PAGOS-01,The Servicio Notificaciones service entered the running state.
2026-09-14 03:24:32,System,Service Control Manager,7036,Information,WEB-PAGOS-01,The WinHTTP Web Proxy Auto-Discovery Service service entered the stopped state.
2026-09-14 03:34:46,System,Microsoft-Windows-DistributedCOM,10016,Warning,WEB-PAGOS-01,The application-specific permission settings do not grant Local Activation permission for the COM Server application with CLSID {2593F8B9-4EAF-457C-B68A-50F6B8EA6B54} to the user NT AUTHORITY\LOCAL SERVICE SID (S-1-5-19).
2026-09-14 04:09:21,System,Service Control Manager,7036,Information,WEB-PAGOS-01,The WinHTTP Web Proxy Auto-Discovery Service service entered the stopped state.
2026-09-14 05:26:42,System,Service Control Manager,7036,Information,WEB-PAGOS-01,The Windows Modules Installer service entered the running state.
2026-09-14 05:52:10,System,Microsoft-Windows-DistributedCOM,10016,Warning,WEB-PAGOS-01,The application-specific permission settings do not grant Local Activation permission for the COM Server application with CLSID {2593F8B9-4EAF-457C-B68A-50F6B8EA6B54} to the user NT AUTHORITY\LOCAL SERVICE SID (S-1-5-19).
2026-09-14 06:10:06,System,Microsoft-Windows-DistributedCOM,10016,Warning,WEB-PAGOS-01,The application-specific permission settings do not grant Local Activation permission for the COM Server application with CLSID {2593F8B9-4EAF-457C-B68A-50F6B8EA6B54} to the user NT AUTHORITY\LOCAL SERVICE SID (S-1-5-19).
2026-09-14 07:00:51,System,Microsoft-Windows-DistributedCOM,10016,Warning,WEB-PAGOS-01,The application-specific permission settings do not grant Local Activation permission for the COM Server application with CLSID {2593F8B9-4EAF-457C-B68A-50F6B8EA6B54} to the user NT AUTHORITY\LOCAL SERVICE SID (S-1-5-19).
2026-09-14 07:12:32,System,Microsoft-Windows-DistributedCOM,10016,Warning,WEB-PAGOS-01,The application-specific permission settings do not grant Local Activation permission for the COM Server application with CLSID {2593F8B9-4EAF-457C-B68A-50F6B8EA6B54} to the user NT AUTHORITY\LOCAL SERVICE SID (S-1-5-19).
2026-09-14 07:23:40,System,Microsoft-Windows-DistributedCOM,10016,Warning,WEB-PAGOS-01,The application-specific permission settings do not grant Local Activation permission for the COM Server application with CLSID {2593F8B9-4EAF-457C-B68A-50F6B8EA6B54} to the user NT AUTHORITY\LOCAL SERVICE SID (S-1-5-19).
2026-09-14 08:10:58,System,Service Control Manager,7036,Information,WEB-PAGOS-01,The Windows Modules Installer service entered the running state.
2026-09-14 09:18:18,System,Service Control Manager,7036,Information,WEB-PAGOS-01,The WinHTTP Web Proxy Auto-Discovery Service service entered the stopped state.
2026-09-14 10:07:57,System,Microsoft-Windows-DistributedCOM,10016,Warning,WEB-PAGOS-01,The application-specific permission settings do not grant Local Activation permission for the COM Server application with CLSID {2593F8B9-4EAF-457C-B68A-50F6B8EA6B54} to the user NT AUTHORITY\LOCAL SERVICE SID (S-1-5-19).
2026-09-14 10:29:38,System,Service Control Manager,7036,Information,WEB-PAGOS-01,The Windows Modules Installer service entered the running state.
2026-09-14 10:38:09,System,Microsoft-Windows-DistributedCOM,10016,Warning,WEB-PAGOS-01,The application-specific permission settings do not grant Local Activation permission for the COM Server application with CLSID {2593F8B9-4EAF-457C-B68A-50F6B8EA6B54} to the user NT AUTHORITY\LOCAL SERVICE SID (S-1-5-19).
2026-09-14 10:42:19,System,Microsoft-Windows-DistributedCOM,10016,Warning,WEB-PAGOS-01,The application-specific permission settings do not grant Local Activation permission for the COM Server application with CLSID {2593F8B9-4EAF-457C-B68A-50F6B8EA6B54} to the user NT AUTHORITY\LOCAL SERVICE SID (S-1-5-19).
2026-09-14 11:03:15,System,Schannel,36887,Error,WEB-PAGOS-01,A fatal alert was received from the remote endpoint. The TLS protocol defined fatal alert code is 46.
2026-09-14 12:32:54,System,Service Control Manager,7036,Information,WEB-PAGOS-01,The Servicio Notificaciones service entered the running state.
2026-09-14 12:42:38,System,Schannel,36887,Error,WEB-PAGOS-01,A fatal alert was received from the remote endpoint. The TLS protocol defined fatal alert code is 46.
2026-09-14 12:55:21,System,Service Control Manager,7036,Information,WEB-PAGOS-01,The WinHTTP Web Proxy Auto-Discovery Service service entered the stopped state.
2026-09-14 13:10:35,System,Microsoft-Windows-DistributedCOM,10016,Warning,WEB-PAGOS-01,The application-specific permission settings do not grant Local Activation permission for the COM Server application with CLSID {2593F8B9-4EAF-457C-B68A-50F6B8EA6B54} to the user NT AUTHORITY\LOCAL SERVICE SID (S-1-5-19).
2026-09-14 13:15:40,System,Microsoft-Windows-DistributedCOM,10016,Warning,WEB-PAGOS-01,The application-specific permission settings do not grant Local Activation permission for the COM Server application with CLSID {2593F8B9-4EAF-457C-B68A-50F6B8EA6B54} to the user NT AUTHORITY\LOCAL SERVICE SID (S-1-5-19).
2026-09-14 13:58:05,System,Microsoft-Windows-DistributedCOM,10016,Warning,WEB-PAGOS-01,The application-specific permission settings do not grant Local Activation permission for the COM Server application with CLSID {2593F8B9-4EAF-457C-B68A-50F6B8EA6B54} to the user NT AUTHORITY\LOCAL SERVICE SID (S-1-5-19).
2026-09-14 14:54:57,System,Microsoft-Windows-DistributedCOM,10016,Warning,WEB-PAGOS-01,The application-specific permission settings do not grant Local Activation permission for the COM Server application with CLSID {2593F8B9-4EAF-457C-B68A-50F6B8EA6B54} to the user NT AUTHORITY\LOCAL SERVICE SID (S-1-5-19).
2026-09-14 15:20:35,System,Microsoft-Windows-DistributedCOM,10016,Warning,WEB-PAGOS-01,The application-specific permission settings do not grant Local Activation permission for the COM Server application with CLSID {2593F8B9-4EAF-457C-B68A-50F6B8EA6B54} to the user NT AUTHORITY\LOCAL SERVICE SID (S-1-5-19).
2026-09-14 16:38:39,System,Service Control Manager,7036,Information,WEB-PAGOS-01,The WinHTTP Web Proxy Auto-Discovery Service service entered the stopped state.
2026-09-14 17:06:44,System,Microsoft-Windows-DistributedCOM,10016,Warning,WEB-PAGOS-01,The application-specific permission settings do not grant Local Activation permission for the COM Server application with CLSID {2593F8B9-4EAF-457C-B68A-50F6B8EA6B54} to the user NT AUTHORITY\LOCAL SERVICE SID (S-1-5-19).
2026-09-14 17:15:15,System,Microsoft-Windows-DistributedCOM,10016,Warning,WEB-PAGOS-01,The application-specific permission settings do not grant Local Activation permission for the COM Server application with CLSID {2593F8B9-4EAF-457C-B68A-50F6B8EA6B54} to the user NT AUTHORITY\LOCAL SERVICE SID (S-1-5-19).
2026-09-14 17:16:45,System,Microsoft-Windows-DistributedCOM,10016,Warning,WEB-PAGOS-01,The application-specific permission settings do not grant Local Activation permission for the COM Server application with CLSID {2593F8B9-4EAF-457C-B68A-50F6B8EA6B54} to the user NT AUTHORITY\LOCAL SERVICE SID (S-1-5-19).
2026-09-14 17:21:55,System,Microsoft-Windows-DistributedCOM,10016,Warning,WEB-PAGOS-01,The application-specific permission settings do not grant Local Activation permission for the COM Server application with CLSID {2593F8B9-4EAF-457C-B68A-50F6B8EA6B54} to the user NT AUTHORITY\LOCAL SERVICE SID (S-1-5-19).
2026-09-14 18:04:19,System,Service Control Manager,7036,Information,WEB-PAGOS-01,The WinHTTP Web Proxy Auto-Discovery Service service entered the stopped state.
2026-09-14 19:14:16,System,Microsoft-Windows-DistributedCOM,10016,Warning,WEB-PAGOS-01,The application-specific permission settings do not grant Local Activation permission for the COM Server application with CLSID {2593F8B9-4EAF-457C-B68A-50F6B8EA6B54} to the user NT AUTHORITY\LOCAL SERVICE SID (S-1-5-19).
2026-09-14 19:39:53,System,Schannel,36887,Error,WEB-PAGOS-01,A fatal alert was received from the remote endpoint. The TLS protocol defined fatal alert code is 46.
2026-09-14 21:01:31,System,Microsoft-Windows-DistributedCOM,10016,Warning,WEB-PAGOS-01,The application-specific permission settings do not grant Local Activation permission for the COM Server application with CLSID {2593F8B9-4EAF-457C-B68A-50F6B8EA6B54} to the user NT AUTHORITY\LOCAL SERVICE SID (S-1-5-19).
2026-09-14 21:12:18,System,Microsoft-Windows-DistributedCOM,10016,Warning,WEB-PAGOS-01,The application-specific permission settings do not grant Local Activation permission for the COM Server application with CLSID {2593F8B9-4EAF-457C-B68A-50F6B8EA6B54} to the user NT AUTHORITY\LOCAL SERVICE SID (S-1-5-19).
2026-09-14 21:27:15,System,Microsoft-Windows-DistributedCOM,10016,Warning,WEB-PAGOS-01,The application-specific permission settings do not grant Local Activation permission for the COM Server application with CLSID {2593F8B9-4EAF-457C-B68A-50F6B8EA6B54} to the user NT AUTHORITY\LOCAL SERVICE SID (S-1-5-19).
2026-09-14 21:30:17,System,Service Control Manager,7036,Information,WEB-PAGOS-01,The WinHTTP Web Proxy Auto-Discovery Service service entered the stopped state.
2026-09-14 22:00:50,System,Schannel,36887,Error,WEB-PAGOS-01,A fatal alert was received from the remote endpoint. The TLS protocol defined fatal alert code is 46.
2026-09-14 23:23:53,System,Service Control Manager,7036,Information,WEB-PAGOS-01,The WinHTTP Web Proxy Auto-Discovery Service service entered the stopped state.
2026-09-14 23:37:44,System,Microsoft-Windows-DistributedCOM,10016,Warning,WEB-PAGOS-01,The application-specific permission settings do not grant Local Activation permission for the COM Server application with CLSID {2593F8B9-4EAF-457C-B68A-50F6B8EA6B54} to the user NT AUTHORITY\LOCAL SERVICE SID (S-1-5-19).
2026-09-14 23:42:10,System,Microsoft-Windows-DistributedCOM,10016,Warning,WEB-PAGOS-01,The application-specific permission settings do not grant Local Activation permission for the COM Server application with CLSID {2593F8B9-4EAF-457C-B68A-50F6B8EA6B54} to the user NT AUTHORITY\LOCAL SERVICE SID (S-1-5-19).
2026-09-14 23:53:47,System,Microsoft-Windows-DistributedCOM,10016,Warning,WEB-PAGOS-01,The application-specific permission settings do not grant Local Activation permission for the COM Server application with CLSID {2593F8B9-4EAF-457C-B68A-50F6B8EA6B54} to the user NT AUTHORITY\LOCAL SERVICE SID (S-1-5-19).
2026-09-14 23:58:48,System,Microsoft-Windows-DistributedCOM,10016,Warning,WEB-PAGOS-01,The application-specific permission settings do not grant Local Activation permission for the COM Server application with CLSID {2593F8B9-4EAF-457C-B68A-50F6B8EA6B54} to the user NT AUTHORITY\LOCAL SERVICE SID (S-1-5-19).
2026-09-15 00:01:45,System,Microsoft-Windows-DistributedCOM,10016,Warning,WEB-PAGOS-01,The application-specific permission settings do not grant Local Activation permission for the COM Server application with CLSID {2593F8B9-4EAF-457C-B68A-50F6B8EA6B54} to the user NT AUTHORITY\LOCAL SERVICE SID (S-1-5-19).
2026-09-15 00:25:26,System,Service Control Manager,7036,Information,WEB-PAGOS-01,The WinHTTP Web Proxy Auto-Discovery Service service entered the stopped state.
2026-09-15 00:28:39,System,Microsoft-Windows-DistributedCOM,10016,Warning,WEB-PAGOS-01,The application-specific permission settings do not grant Local Activation permission for the COM Server application with CLSID {2593F8B9-4EAF-457C-B68A-50F6B8EA6B54} to the user NT AUTHORITY\LOCAL SERVICE SID (S-1-5-19).
2026-09-15 00:32:59,System,Microsoft-Windows-DistributedCOM,10016,Warning,WEB-PAGOS-01,The application-specific permission settings do not grant Local Activation permission for the COM Server application with CLSID {2593F8B9-4EAF-457C-B68A-50F6B8EA6B54} to the user NT AUTHORITY\LOCAL SERVICE SID (S-1-5-19).
2026-09-15 00:52:36,System,Microsoft-Windows-DistributedCOM,10016,Warning,WEB-PAGOS-01,The application-specific permission settings do not grant Local Activation permission for the COM Server application with CLSID {2593F8B9-4EAF-457C-B68A-50F6B8EA6B54} to the user NT AUTHORITY\LOCAL SERVICE SID (S-1-5-19).
2026-09-15 01:13:52,System,Microsoft-Windows-DistributedCOM,10016,Warning,WEB-PAGOS-01,The application-specific permission settings do not grant Local Activation permission for the COM Server application with CLSID {2593F8B9-4EAF-457C-B68A-50F6B8EA6B54} to the user NT AUTHORITY\LOCAL SERVICE SID (S-1-5-19).
2026-09-15 02:00:01,System,Microsoft-Windows-IIS-IISReset,3201,Information,WEB-PAGOS-01,IIS stop command received from user ANDINA\svc_mantenimiento. The logged data is the status code.
2026-09-15 02:00:15,System,Microsoft-Windows-IIS-IISReset,3202,Information,WEB-PAGOS-01,IIS start command received from user ANDINA\svc_mantenimiento. The logged data is the status code.
2026-09-15 02:00:41,Microsoft-Windows-TaskScheduler/Operational,Microsoft-Windows-TaskScheduler,201,Information,WEB-PAGOS-01,"Task Scheduler successfully completed task ""\Mantenimiento\MantenimientoDiarioIIS"" , instance ""{...}"" , action ""C:\Windows\SYSTEM32\cmd.exe"" with return code 0."
2026-09-15 03:10:40,System,Microsoft-Windows-DistributedCOM,10016,Warning,WEB-PAGOS-01,The application-specific permission settings do not grant Local Activation permission for the COM Server application with CLSID {2593F8B9-4EAF-457C-B68A-50F6B8EA6B54} to the user NT AUTHORITY\LOCAL SERVICE SID (S-1-5-19).
2026-09-15 03:29:26,System,Microsoft-Windows-DistributedCOM,10016,Warning,WEB-PAGOS-01,The application-specific permission settings do not grant Local Activation permission for the COM Server application with CLSID {2593F8B9-4EAF-457C-B68A-50F6B8EA6B54} to the user NT AUTHORITY\LOCAL SERVICE SID (S-1-5-19).
2026-09-15 03:56:07,System,Microsoft-Windows-DistributedCOM,10016,Warning,WEB-PAGOS-01,The application-specific permission settings do not grant Local Activation permission for the COM Server application with CLSID {2593F8B9-4EAF-457C-B68A-50F6B8EA6B54} to the user NT AUTHORITY\LOCAL SERVICE SID (S-1-5-19).
2026-09-15 04:09:33,System,Service Control Manager,7036,Information,WEB-PAGOS-01,The WinHTTP Web Proxy Auto-Discovery Service service entered the stopped state.
2026-09-15 04:37:15,System,Microsoft-Windows-DistributedCOM,10016,Warning,WEB-PAGOS-01,The application-specific permission settings do not grant Local Activation permission for the COM Server application with CLSID {2593F8B9-4EAF-457C-B68A-50F6B8EA6B54} to the user NT AUTHORITY\LOCAL SERVICE SID (S-1-5-19).
2026-09-15 04:56:54,System,Microsoft-Windows-DistributedCOM,10016,Warning,WEB-PAGOS-01,The application-specific permission settings do not grant Local Activation permission for the COM Server application with CLSID {2593F8B9-4EAF-457C-B68A-50F6B8EA6B54} to the user NT AUTHORITY\LOCAL SERVICE SID (S-1-5-19).
2026-09-15 05:32:54,System,Schannel,36887,Error,WEB-PAGOS-01,A fatal alert was received from the remote endpoint. The TLS protocol defined fatal alert code is 46.
2026-09-15 05:44:31,System,Schannel,36887,Error,WEB-PAGOS-01,A fatal alert was received from the remote endpoint. The TLS protocol defined fatal alert code is 46.
2026-09-15 06:01:40,System,Microsoft-Windows-DistributedCOM,10016,Warning,WEB-PAGOS-01,The application-specific permission settings do not grant Local Activation permission for the COM Server application with CLSID {2593F8B9-4EAF-457C-B68A-50F6B8EA6B54} to the user NT AUTHORITY\LOCAL SERVICE SID (S-1-5-19).
2026-09-15 07:03:30,System,Service Control Manager,7036,Information,WEB-PAGOS-01,The Windows Modules Installer service entered the running state.
2026-09-15 07:20:13,System,Microsoft-Windows-DistributedCOM,10016,Warning,WEB-PAGOS-01,The application-specific permission settings do not grant Local Activation permission for the COM Server application with CLSID {2593F8B9-4EAF-457C-B68A-50F6B8EA6B54} to the user NT AUTHORITY\LOCAL SERVICE SID (S-1-5-19).
2026-09-15 07:29:24,System,Service Control Manager,7036,Information,WEB-PAGOS-01,The Servicio Notificaciones service entered the running state.
2026-09-15 07:44:35,System,Schannel,36887,Error,WEB-PAGOS-01,A fatal alert was received from the remote endpoint. The TLS protocol defined fatal alert code is 46.
2026-09-15 08:12:55,System,Microsoft-Windows-DistributedCOM,10016,Warning,WEB-PAGOS-01,The application-specific permission settings do not grant Local Activation permission for the COM Server application with CLSID {2593F8B9-4EAF-457C-B68A-50F6B8EA6B54} to the user NT AUTHORITY\LOCAL SERVICE SID (S-1-5-19).
2026-09-15 08:15:38,System,Microsoft-Windows-DistributedCOM,10016,Warning,WEB-PAGOS-01,The application-specific permission settings do not grant Local Activation permission for the COM Server application with CLSID {2593F8B9-4EAF-457C-B68A-50F6B8EA6B54} to the user NT AUTHORITY\LOCAL SERVICE SID (S-1-5-19).
2026-09-15 08:16:05,System,Microsoft-Windows-DistributedCOM,10016,Warning,WEB-PAGOS-01,The application-specific permission settings do not grant Local Activation permission for the COM Server application with CLSID {2593F8B9-4EAF-457C-B68A-50F6B8EA6B54} to the user NT AUTHORITY\LOCAL SERVICE SID (S-1-5-19).
2026-09-15 08:54:18,System,Microsoft-Windows-DistributedCOM,10016,Warning,WEB-PAGOS-01,The application-specific permission settings do not grant Local Activation permission for the COM Server application with CLSID {2593F8B9-4EAF-457C-B68A-50F6B8EA6B54} to the user NT AUTHORITY\LOCAL SERVICE SID (S-1-5-19).
2026-09-15 09:28:08,System,Service Control Manager,7036,Information,WEB-PAGOS-01,The Servicio Notificaciones service entered the running state.
2026-09-15 09:58:10,System,Microsoft-Windows-DistributedCOM,10016,Warning,WEB-PAGOS-01,The application-specific permission settings do not grant Local Activation permission for the COM Server application with CLSID {2593F8B9-4EAF-457C-B68A-50F6B8EA6B54} to the user NT AUTHORITY\LOCAL SERVICE SID (S-1-5-19).
2026-09-15 10:15:14,System,Microsoft-Windows-DistributedCOM,10016,Warning,WEB-PAGOS-01,The application-specific permission settings do not grant Local Activation permission for the COM Server application with CLSID {2593F8B9-4EAF-457C-B68A-50F6B8EA6B54} to the user NT AUTHORITY\LOCAL SERVICE SID (S-1-5-19).
2026-09-15 10:42:07,System,Schannel,36887,Error,WEB-PAGOS-01,A fatal alert was received from the remote endpoint. The TLS protocol defined fatal alert code is 46.
2026-09-15 10:54:37,System,Microsoft-Windows-DistributedCOM,10016,Warning,WEB-PAGOS-01,The application-specific permission settings do not grant Local Activation permission for the COM Server application with CLSID {2593F8B9-4EAF-457C-B68A-50F6B8EA6B54} to the user NT AUTHORITY\LOCAL SERVICE SID (S-1-5-19).
2026-09-15 12:12:47,System,Microsoft-Windows-DistributedCOM,10016,Warning,WEB-PAGOS-01,The application-specific permission settings do not grant Local Activation permission for the COM Server application with CLSID {2593F8B9-4EAF-457C-B68A-50F6B8EA6B54} to the user NT AUTHORITY\LOCAL SERVICE SID (S-1-5-19).
2026-09-15 12:24:02,System,Microsoft-Windows-DistributedCOM,10016,Warning,WEB-PAGOS-01,The application-specific permission settings do not grant Local Activation permission for the COM Server application with CLSID {2593F8B9-4EAF-457C-B68A-50F6B8EA6B54} to the user NT AUTHORITY\LOCAL SERVICE SID (S-1-5-19).
2026-09-15 14:14:13,System,Microsoft-Windows-DistributedCOM,10016,Warning,WEB-PAGOS-01,The application-specific permission settings do not grant Local Activation permission for the COM Server application with CLSID {2593F8B9-4EAF-457C-B68A-50F6B8EA6B54} to the user NT AUTHORITY\LOCAL SERVICE SID (S-1-5-19).
2026-09-15 14:31:37,System,Schannel,36887,Error,WEB-PAGOS-01,A fatal alert was received from the remote endpoint. The TLS protocol defined fatal alert code is 46.
2026-09-15 14:49:41,System,Service Control Manager,7036,Information,WEB-PAGOS-01,The Windows Modules Installer service entered the running state.
2026-09-15 15:19:08,System,Microsoft-Windows-DistributedCOM,10016,Warning,WEB-PAGOS-01,The application-specific permission settings do not grant Local Activation permission for the COM Server application with CLSID {2593F8B9-4EAF-457C-B68A-50F6B8EA6B54} to the user NT AUTHORITY\LOCAL SERVICE SID (S-1-5-19).
2026-09-15 15:45:06,System,Microsoft-Windows-DistributedCOM,10016,Warning,WEB-PAGOS-01,The application-specific permission settings do not grant Local Activation permission for the COM Server application with CLSID {2593F8B9-4EAF-457C-B68A-50F6B8EA6B54} to the user NT AUTHORITY\LOCAL SERVICE SID (S-1-5-19).
2026-09-15 16:08:30,System,Schannel,36887,Error,WEB-PAGOS-01,A fatal alert was received from the remote endpoint. The TLS protocol defined fatal alert code is 46.
2026-09-15 16:09:50,System,Microsoft-Windows-DistributedCOM,10016,Warning,WEB-PAGOS-01,The application-specific permission settings do not grant Local Activation permission for the COM Server application with CLSID {2593F8B9-4EAF-457C-B68A-50F6B8EA6B54} to the user NT AUTHORITY\LOCAL SERVICE SID (S-1-5-19).
2026-09-15 16:48:43,System,Service Control Manager,7036,Information,WEB-PAGOS-01,The Windows Modules Installer service entered the running state.
2026-09-15 16:54:45,System,Microsoft-Windows-DistributedCOM,10016,Warning,WEB-PAGOS-01,The application-specific permission settings do not grant Local Activation permission for the COM Server application with CLSID {2593F8B9-4EAF-457C-B68A-50F6B8EA6B54} to the user NT AUTHORITY\LOCAL SERVICE SID (S-1-5-19).
2026-09-15 17:18:27,System,Microsoft-Windows-DistributedCOM,10016,Warning,WEB-PAGOS-01,The application-specific permission settings do not grant Local Activation permission for the COM Server application with CLSID {2593F8B9-4EAF-457C-B68A-50F6B8EA6B54} to the user NT AUTHORITY\LOCAL SERVICE SID (S-1-5-19).
2026-09-15 17:25:31,System,Microsoft-Windows-DistributedCOM,10016,Warning,WEB-PAGOS-01,The application-specific permission settings do not grant Local Activation permission for the COM Server application with CLSID {2593F8B9-4EAF-457C-B68A-50F6B8EA6B54} to the user NT AUTHORITY\LOCAL SERVICE SID (S-1-5-19).
2026-09-15 17:30:28,System,Service Control Manager,7036,Information,WEB-PAGOS-01,The WinHTTP Web Proxy Auto-Discovery Service service entered the stopped state.
2026-09-15 17:57:23,System,Microsoft-Windows-DistributedCOM,10016,Warning,WEB-PAGOS-01,The application-specific permission settings do not grant Local Activation permission for the COM Server application with CLSID {2593F8B9-4EAF-457C-B68A-50F6B8EA6B54} to the user NT AUTHORITY\LOCAL SERVICE SID (S-1-5-19).
2026-09-15 18:03:01,System,Microsoft-Windows-DistributedCOM,10016,Warning,WEB-PAGOS-01,The application-specific permission settings do not grant Local Activation permission for the COM Server application with CLSID {2593F8B9-4EAF-457C-B68A-50F6B8EA6B54} to the user NT AUTHORITY\LOCAL SERVICE SID (S-1-5-19).
2026-09-15 18:28:19,System,Microsoft-Windows-DistributedCOM,10016,Warning,WEB-PAGOS-01,The application-specific permission settings do not grant Local Activation permission for the COM Server application with CLSID {2593F8B9-4EAF-457C-B68A-50F6B8EA6B54} to the user NT AUTHORITY\LOCAL SERVICE SID (S-1-5-19).
2026-09-15 19:05:53,System,Microsoft-Windows-DistributedCOM,10016,Warning,WEB-PAGOS-01,The application-specific permission settings do not grant Local Activation permission for the COM Server application with CLSID {2593F8B9-4EAF-457C-B68A-50F6B8EA6B54} to the user NT AUTHORITY\LOCAL SERVICE SID (S-1-5-19).
2026-09-15 19:36:23,System,Service Control Manager,7036,Information,WEB-PAGOS-01,The Servicio Notificaciones service entered the running state.
2026-09-15 19:38:13,System,Microsoft-Windows-DistributedCOM,10016,Warning,WEB-PAGOS-01,The application-specific permission settings do not grant Local Activation permission for the COM Server application with CLSID {2593F8B9-4EAF-457C-B68A-50F6B8EA6B54} to the user NT AUTHORITY\LOCAL SERVICE SID (S-1-5-19).
2026-09-15 19:39:26,System,Service Control Manager,7036,Information,WEB-PAGOS-01,The WinHTTP Web Proxy Auto-Discovery Service service entered the stopped state.
2026-09-15 19:53:41,System,Schannel,36887,Error,WEB-PAGOS-01,A fatal alert was received from the remote endpoint. The TLS protocol defined fatal alert code is 46.
2026-09-15 20:19:17,System,Microsoft-Windows-DistributedCOM,10016,Warning,WEB-PAGOS-01,The application-specific permission settings do not grant Local Activation permission for the COM Server application with CLSID {2593F8B9-4EAF-457C-B68A-50F6B8EA6B54} to the user NT AUTHORITY\LOCAL SERVICE SID (S-1-5-19).
2026-09-15 20:23:52,System,Microsoft-Windows-DistributedCOM,10016,Warning,WEB-PAGOS-01,The application-specific permission settings do not grant Local Activation permission for the COM Server application with CLSID {2593F8B9-4EAF-457C-B68A-50F6B8EA6B54} to the user NT AUTHORITY\LOCAL SERVICE SID (S-1-5-19).
2026-09-15 21:21:00,System,Microsoft-Windows-DistributedCOM,10016,Warning,WEB-PAGOS-01,The application-specific permission settings do not grant Local Activation permission for the COM Server application with CLSID {2593F8B9-4EAF-457C-B68A-50F6B8EA6B54} to the user NT AUTHORITY\LOCAL SERVICE SID (S-1-5-19).
2026-09-15 22:03:00,Application,AndinaDeploy,1000,Information,WEB-PAGOS-01,"Despliegue completado: PortalPagos v2.3.1 (antes v2.3.0). Usuario: ANDINA\svc_deploy. Cambios: nuevo flujo de confirmacion de pagos, cache de sesiones de pago, appsettings Serilog:MinimumLevel=Debug."
2026-09-15 23:51:12,System,Microsoft-Windows-DistributedCOM,10016,Warning,WEB-PAGOS-01,The application-specific permission settings do not grant Local Activation permission for the COM Server application with CLSID {2593F8B9-4EAF-457C-B68A-50F6B8EA6B54} to the user NT AUTHORITY\LOCAL SERVICE SID (S-1-5-19).
2026-09-15 23:55:13,System,Microsoft-Windows-DistributedCOM,10016,Warning,WEB-PAGOS-01,The application-specific permission settings do not grant Local Activation permission for the COM Server application with CLSID {2593F8B9-4EAF-457C-B68A-50F6B8EA6B54} to the user NT AUTHORITY\LOCAL SERVICE SID (S-1-5-19).
2026-09-16 00:23:53,System,Microsoft-Windows-DistributedCOM,10016,Warning,WEB-PAGOS-01,The application-specific permission settings do not grant Local Activation permission for the COM Server application with CLSID {2593F8B9-4EAF-457C-B68A-50F6B8EA6B54} to the user NT AUTHORITY\LOCAL SERVICE SID (S-1-5-19).
2026-09-16 00:31:17,System,Microsoft-Windows-DistributedCOM,10016,Warning,WEB-PAGOS-01,The application-specific permission settings do not grant Local Activation permission for the COM Server application with CLSID {2593F8B9-4EAF-457C-B68A-50F6B8EA6B54} to the user NT AUTHORITY\LOCAL SERVICE SID (S-1-5-19).
2026-09-16 00:32:10,System,Microsoft-Windows-DistributedCOM,10016,Warning,WEB-PAGOS-01,The application-specific permission settings do not grant Local Activation permission for the COM Server application with CLSID {2593F8B9-4EAF-457C-B68A-50F6B8EA6B54} to the user NT AUTHORITY\LOCAL SERVICE SID (S-1-5-19).
2026-09-16 00:32:22,System,Microsoft-Windows-DistributedCOM,10016,Warning,WEB-PAGOS-01,The application-specific permission settings do not grant Local Activation permission for the COM Server application with CLSID {2593F8B9-4EAF-457C-B68A-50F6B8EA6B54} to the user NT AUTHORITY\LOCAL SERVICE SID (S-1-5-19).
2026-09-16 01:29:43,System,Service Control Manager,7036,Information,WEB-PAGOS-01,The Servicio Notificaciones service entered the running state.
2026-09-16 01:50:43,System,Microsoft-Windows-DistributedCOM,10016,Warning,WEB-PAGOS-01,The application-specific permission settings do not grant Local Activation permission for the COM Server application with CLSID {2593F8B9-4EAF-457C-B68A-50F6B8EA6B54} to the user NT AUTHORITY\LOCAL SERVICE SID (S-1-5-19).
2026-09-16 01:51:15,System,Service Control Manager,7036,Information,WEB-PAGOS-01,The WinHTTP Web Proxy Auto-Discovery Service service entered the stopped state.
2026-09-16 01:58:39,System,Microsoft-Windows-DistributedCOM,10016,Warning,WEB-PAGOS-01,The application-specific permission settings do not grant Local Activation permission for the COM Server application with CLSID {2593F8B9-4EAF-457C-B68A-50F6B8EA6B54} to the user NT AUTHORITY\LOCAL SERVICE SID (S-1-5-19).
2026-09-16 02:00:01,System,Microsoft-Windows-IIS-IISReset,3201,Information,WEB-PAGOS-01,IIS stop command received from user ANDINA\svc_mantenimiento. The logged data is the status code.
2026-09-16 02:00:15,System,Microsoft-Windows-IIS-IISReset,3202,Information,WEB-PAGOS-01,IIS start command received from user ANDINA\svc_mantenimiento. The logged data is the status code.
2026-09-16 02:00:41,Microsoft-Windows-TaskScheduler/Operational,Microsoft-Windows-TaskScheduler,201,Information,WEB-PAGOS-01,"Task Scheduler successfully completed task ""\Mantenimiento\MantenimientoDiarioIIS"" , instance ""{...}"" , action ""C:\Windows\SYSTEM32\cmd.exe"" with return code 0."
2026-09-16 02:20:19,System,Microsoft-Windows-DistributedCOM,10016,Warning,WEB-PAGOS-01,The application-specific permission settings do not grant Local Activation permission for the COM Server application with CLSID {2593F8B9-4EAF-457C-B68A-50F6B8EA6B54} to the user NT AUTHORITY\LOCAL SERVICE SID (S-1-5-19).
2026-09-16 03:23:44,System,Service Control Manager,7036,Information,WEB-PAGOS-01,The Windows Modules Installer service entered the running state.
2026-09-16 04:12:45,System,Microsoft-Windows-DistributedCOM,10016,Warning,WEB-PAGOS-01,The application-specific permission settings do not grant Local Activation permission for the COM Server application with CLSID {2593F8B9-4EAF-457C-B68A-50F6B8EA6B54} to the user NT AUTHORITY\LOCAL SERVICE SID (S-1-5-19).
2026-09-16 04:15:18,System,Microsoft-Windows-DistributedCOM,10016,Warning,WEB-PAGOS-01,The application-specific permission settings do not grant Local Activation permission for the COM Server application with CLSID {2593F8B9-4EAF-457C-B68A-50F6B8EA6B54} to the user NT AUTHORITY\LOCAL SERVICE SID (S-1-5-19).
2026-09-16 04:15:46,System,Service Control Manager,7036,Information,WEB-PAGOS-01,The Windows Modules Installer service entered the running state.
2026-09-16 04:18:26,System,Microsoft-Windows-DistributedCOM,10016,Warning,WEB-PAGOS-01,The application-specific permission settings do not grant Local Activation permission for the COM Server application with CLSID {2593F8B9-4EAF-457C-B68A-50F6B8EA6B54} to the user NT AUTHORITY\LOCAL SERVICE SID (S-1-5-19).
2026-09-16 04:19:18,System,Microsoft-Windows-DistributedCOM,10016,Warning,WEB-PAGOS-01,The application-specific permission settings do not grant Local Activation permission for the COM Server application with CLSID {2593F8B9-4EAF-457C-B68A-50F6B8EA6B54} to the user NT AUTHORITY\LOCAL SERVICE SID (S-1-5-19).
2026-09-16 04:20:32,System,Microsoft-Windows-DistributedCOM,10016,Warning,WEB-PAGOS-01,The application-specific permission settings do not grant Local Activation permission for the COM Server application with CLSID {2593F8B9-4EAF-457C-B68A-50F6B8EA6B54} to the user NT AUTHORITY\LOCAL SERVICE SID (S-1-5-19).
2026-09-16 04:35:02,System,Microsoft-Windows-DistributedCOM,10016,Warning,WEB-PAGOS-01,The application-specific permission settings do not grant Local Activation permission for the COM Server application with CLSID {2593F8B9-4EAF-457C-B68A-50F6B8EA6B54} to the user NT AUTHORITY\LOCAL SERVICE SID (S-1-5-19).
2026-09-16 05:09:10,System,Microsoft-Windows-DistributedCOM,10016,Warning,WEB-PAGOS-01,The application-specific permission settings do not grant Local Activation permission for the COM Server application with CLSID {2593F8B9-4EAF-457C-B68A-50F6B8EA6B54} to the user NT AUTHORITY\LOCAL SERVICE SID (S-1-5-19).
2026-09-16 05:38:46,System,Microsoft-Windows-DistributedCOM,10016,Warning,WEB-PAGOS-01,The application-specific permission settings do not grant Local Activation permission for the COM Server application with CLSID {2593F8B9-4EAF-457C-B68A-50F6B8EA6B54} to the user NT AUTHORITY\LOCAL SERVICE SID (S-1-5-19).
2026-09-16 05:46:43,System,Microsoft-Windows-DistributedCOM,10016,Warning,WEB-PAGOS-01,The application-specific permission settings do not grant Local Activation permission for the COM Server application with CLSID {2593F8B9-4EAF-457C-B68A-50F6B8EA6B54} to the user NT AUTHORITY\LOCAL SERVICE SID (S-1-5-19).
2026-09-16 05:56:49,System,Microsoft-Windows-DistributedCOM,10016,Warning,WEB-PAGOS-01,The application-specific permission settings do not grant Local Activation permission for the COM Server application with CLSID {2593F8B9-4EAF-457C-B68A-50F6B8EA6B54} to the user NT AUTHORITY\LOCAL SERVICE SID (S-1-5-19).
2026-09-16 06:14:16,System,Service Control Manager,7036,Information,WEB-PAGOS-01,The WinHTTP Web Proxy Auto-Discovery Service service entered the stopped state.
2026-09-16 06:23:36,System,Microsoft-Windows-DistributedCOM,10016,Warning,WEB-PAGOS-01,The application-specific permission settings do not grant Local Activation permission for the COM Server application with CLSID {2593F8B9-4EAF-457C-B68A-50F6B8EA6B54} to the user NT AUTHORITY\LOCAL SERVICE SID (S-1-5-19).
2026-09-16 06:43:56,System,Microsoft-Windows-DistributedCOM,10016,Warning,WEB-PAGOS-01,The application-specific permission settings do not grant Local Activation permission for the COM Server application with CLSID {2593F8B9-4EAF-457C-B68A-50F6B8EA6B54} to the user NT AUTHORITY\LOCAL SERVICE SID (S-1-5-19).
2026-09-16 06:44:50,System,Microsoft-Windows-DistributedCOM,10016,Warning,WEB-PAGOS-01,The application-specific permission settings do not grant Local Activation permission for the COM Server application with CLSID {2593F8B9-4EAF-457C-B68A-50F6B8EA6B54} to the user NT AUTHORITY\LOCAL SERVICE SID (S-1-5-19).
2026-09-16 06:47:05,System,Microsoft-Windows-DistributedCOM,10016,Warning,WEB-PAGOS-01,The application-specific permission settings do not grant Local Activation permission for the COM Server application with CLSID {2593F8B9-4EAF-457C-B68A-50F6B8EA6B54} to the user NT AUTHORITY\LOCAL SERVICE SID (S-1-5-19).
2026-09-16 06:57:14,System,Microsoft-Windows-DistributedCOM,10016,Warning,WEB-PAGOS-01,The application-specific permission settings do not grant Local Activation permission for the COM Server application with CLSID {2593F8B9-4EAF-457C-B68A-50F6B8EA6B54} to the user NT AUTHORITY\LOCAL SERVICE SID (S-1-5-19).
2026-09-16 07:13:44,System,Microsoft-Windows-DistributedCOM,10016,Warning,WEB-PAGOS-01,The application-specific permission settings do not grant Local Activation permission for the COM Server application with CLSID {2593F8B9-4EAF-457C-B68A-50F6B8EA6B54} to the user NT AUTHORITY\LOCAL SERVICE SID (S-1-5-19).
2026-09-16 07:29:51,System,Service Control Manager,7036,Information,WEB-PAGOS-01,The Windows Modules Installer service entered the running state.
2026-09-16 08:14:22,System,Microsoft-Windows-DistributedCOM,10016,Warning,WEB-PAGOS-01,The application-specific permission settings do not grant Local Activation permission for the COM Server application with CLSID {2593F8B9-4EAF-457C-B68A-50F6B8EA6B54} to the user NT AUTHORITY\LOCAL SERVICE SID (S-1-5-19).
2026-09-16 08:53:00,System,Microsoft-Windows-DistributedCOM,10016,Warning,WEB-PAGOS-01,The application-specific permission settings do not grant Local Activation permission for the COM Server application with CLSID {2593F8B9-4EAF-457C-B68A-50F6B8EA6B54} to the user NT AUTHORITY\LOCAL SERVICE SID (S-1-5-19).
2026-09-16 09:33:22,System,Schannel,36887,Error,WEB-PAGOS-01,A fatal alert was received from the remote endpoint. The TLS protocol defined fatal alert code is 46.
2026-09-16 09:37:01,System,Microsoft-Windows-DistributedCOM,10016,Warning,WEB-PAGOS-01,The application-specific permission settings do not grant Local Activation permission for the COM Server application with CLSID {2593F8B9-4EAF-457C-B68A-50F6B8EA6B54} to the user NT AUTHORITY\LOCAL SERVICE SID (S-1-5-19).
2026-09-16 09:40:56,System,Service Control Manager,7036,Information,WEB-PAGOS-01,The Servicio Notificaciones service entered the running state.
2026-09-16 09:57:20,System,Schannel,36887,Error,WEB-PAGOS-01,A fatal alert was received from the remote endpoint. The TLS protocol defined fatal alert code is 46.
2026-09-16 11:30:02,Application,AndinaDeploy,1001,Information,WEB-PAGOS-01,Cambio de infraestructura: se retira la unidad D: del servidor (migracion de almacenamiento). Logs IIS ahora en C:\inetpub\logs\LogFiles.
2026-09-16 11:33:27,System,Service Control Manager,7036,Information,WEB-PAGOS-01,The WinHTTP Web Proxy Auto-Discovery Service service entered the stopped state.
2026-09-16 11:42:53,System,Service Control Manager,7036,Information,WEB-PAGOS-01,The WinHTTP Web Proxy Auto-Discovery Service service entered the stopped state.
2026-09-16 11:47:24,System,Microsoft-Windows-DistributedCOM,10016,Warning,WEB-PAGOS-01,The application-specific permission settings do not grant Local Activation permission for the COM Server application with CLSID {2593F8B9-4EAF-457C-B68A-50F6B8EA6B54} to the user NT AUTHORITY\LOCAL SERVICE SID (S-1-5-19).
2026-09-16 12:11:38,System,Service Control Manager,7036,Information,WEB-PAGOS-01,The Windows Modules Installer service entered the running state.
2026-09-16 12:18:37,System,Schannel,36887,Error,WEB-PAGOS-01,A fatal alert was received from the remote endpoint. The TLS protocol defined fatal alert code is 46.
2026-09-16 12:42:23,System,Microsoft-Windows-DistributedCOM,10016,Warning,WEB-PAGOS-01,The application-specific permission settings do not grant Local Activation permission for the COM Server application with CLSID {2593F8B9-4EAF-457C-B68A-50F6B8EA6B54} to the user NT AUTHORITY\LOCAL SERVICE SID (S-1-5-19).
2026-09-16 12:51:54,System,Microsoft-Windows-DistributedCOM,10016,Warning,WEB-PAGOS-01,The application-specific permission settings do not grant Local Activation permission for the COM Server application with CLSID {2593F8B9-4EAF-457C-B68A-50F6B8EA6B54} to the user NT AUTHORITY\LOCAL SERVICE SID (S-1-5-19).
2026-09-16 13:37:43,System,Microsoft-Windows-DistributedCOM,10016,Warning,WEB-PAGOS-01,The application-specific permission settings do not grant Local Activation permission for the COM Server application with CLSID {2593F8B9-4EAF-457C-B68A-50F6B8EA6B54} to the user NT AUTHORITY\LOCAL SERVICE SID (S-1-5-19).
2026-09-16 13:45:52,System,Microsoft-Windows-DistributedCOM,10016,Warning,WEB-PAGOS-01,The application-specific permission settings do not grant Local Activation permission for the COM Server application with CLSID {2593F8B9-4EAF-457C-B68A-50F6B8EA6B54} to the user NT AUTHORITY\LOCAL SERVICE SID (S-1-5-19).
2026-09-16 14:26:27,System,Microsoft-Windows-DistributedCOM,10016,Warning,WEB-PAGOS-01,The application-specific permission settings do not grant Local Activation permission for the COM Server application with CLSID {2593F8B9-4EAF-457C-B68A-50F6B8EA6B54} to the user NT AUTHORITY\LOCAL SERVICE SID (S-1-5-19).
2026-09-16 14:28:35,System,Microsoft-Windows-DistributedCOM,10016,Warning,WEB-PAGOS-01,The application-specific permission settings do not grant Local Activation permission for the COM Server application with CLSID {2593F8B9-4EAF-457C-B68A-50F6B8EA6B54} to the user NT AUTHORITY\LOCAL SERVICE SID (S-1-5-19).
2026-09-16 14:30:38,System,Microsoft-Windows-DistributedCOM,10016,Warning,WEB-PAGOS-01,The application-specific permission settings do not grant Local Activation permission for the COM Server application with CLSID {2593F8B9-4EAF-457C-B68A-50F6B8EA6B54} to the user NT AUTHORITY\LOCAL SERVICE SID (S-1-5-19).
2026-09-16 14:58:02,System,Microsoft-Windows-DistributedCOM,10016,Warning,WEB-PAGOS-01,The application-specific permission settings do not grant Local Activation permission for the COM Server application with CLSID {2593F8B9-4EAF-457C-B68A-50F6B8EA6B54} to the user NT AUTHORITY\LOCAL SERVICE SID (S-1-5-19).
2026-09-16 15:03:29,System,Microsoft-Windows-DistributedCOM,10016,Warning,WEB-PAGOS-01,The application-specific permission settings do not grant Local Activation permission for the COM Server application with CLSID {2593F8B9-4EAF-457C-B68A-50F6B8EA6B54} to the user NT AUTHORITY\LOCAL SERVICE SID (S-1-5-19).
2026-09-16 15:13:32,System,Microsoft-Windows-DistributedCOM,10016,Warning,WEB-PAGOS-01,The application-specific permission settings do not grant Local Activation permission for the COM Server application with CLSID {2593F8B9-4EAF-457C-B68A-50F6B8EA6B54} to the user NT AUTHORITY\LOCAL SERVICE SID (S-1-5-19).
2026-09-16 15:45:19,System,Microsoft-Windows-DistributedCOM,10016,Warning,WEB-PAGOS-01,The application-specific permission settings do not grant Local Activation permission for the COM Server application with CLSID {2593F8B9-4EAF-457C-B68A-50F6B8EA6B54} to the user NT AUTHORITY\LOCAL SERVICE SID (S-1-5-19).
2026-09-16 16:22:26,System,Microsoft-Windows-DistributedCOM,10016,Warning,WEB-PAGOS-01,The application-specific permission settings do not grant Local Activation permission for the COM Server application with CLSID {2593F8B9-4EAF-457C-B68A-50F6B8EA6B54} to the user NT AUTHORITY\LOCAL SERVICE SID (S-1-5-19).
2026-09-16 16:24:13,System,Service Control Manager,7036,Information,WEB-PAGOS-01,The Windows Modules Installer service entered the running state.
2026-09-16 16:46:19,System,Microsoft-Windows-DistributedCOM,10016,Warning,WEB-PAGOS-01,The application-specific permission settings do not grant Local Activation permission for the COM Server application with CLSID {2593F8B9-4EAF-457C-B68A-50F6B8EA6B54} to the user NT AUTHORITY\LOCAL SERVICE SID (S-1-5-19).
2026-09-16 16:55:30,System,Schannel,36887,Error,WEB-PAGOS-01,A fatal alert was received from the remote endpoint. The TLS protocol defined fatal alert code is 46.
2026-09-16 17:09:50,System,Microsoft-Windows-DistributedCOM,10016,Warning,WEB-PAGOS-01,The application-specific permission settings do not grant Local Activation permission for the COM Server application with CLSID {2593F8B9-4EAF-457C-B68A-50F6B8EA6B54} to the user NT AUTHORITY\LOCAL SERVICE SID (S-1-5-19).
2026-09-16 17:40:09,System,Service Control Manager,7036,Information,WEB-PAGOS-01,The WinHTTP Web Proxy Auto-Discovery Service service entered the stopped state.
2026-09-16 18:01:52,System,Microsoft-Windows-DistributedCOM,10016,Warning,WEB-PAGOS-01,The application-specific permission settings do not grant Local Activation permission for the COM Server application with CLSID {2593F8B9-4EAF-457C-B68A-50F6B8EA6B54} to the user NT AUTHORITY\LOCAL SERVICE SID (S-1-5-19).
2026-09-16 18:50:50,System,Service Control Manager,7036,Information,WEB-PAGOS-01,The Windows Modules Installer service entered the running state.
2026-09-16 19:33:24,System,Microsoft-Windows-DistributedCOM,10016,Warning,WEB-PAGOS-01,The application-specific permission settings do not grant Local Activation permission for the COM Server application with CLSID {2593F8B9-4EAF-457C-B68A-50F6B8EA6B54} to the user NT AUTHORITY\LOCAL SERVICE SID (S-1-5-19).
2026-09-16 19:38:52,System,Microsoft-Windows-DistributedCOM,10016,Warning,WEB-PAGOS-01,The application-specific permission settings do not grant Local Activation permission for the COM Server application with CLSID {2593F8B9-4EAF-457C-B68A-50F6B8EA6B54} to the user NT AUTHORITY\LOCAL SERVICE SID (S-1-5-19).
2026-09-16 19:48:36,System,Schannel,36887,Error,WEB-PAGOS-01,A fatal alert was received from the remote endpoint. The TLS protocol defined fatal alert code is 46.
2026-09-16 19:58:00,System,Service Control Manager,7036,Information,WEB-PAGOS-01,The WinHTTP Web Proxy Auto-Discovery Service service entered the stopped state.
2026-09-16 20:01:54,System,Microsoft-Windows-DistributedCOM,10016,Warning,WEB-PAGOS-01,The application-specific permission settings do not grant Local Activation permission for the COM Server application with CLSID {2593F8B9-4EAF-457C-B68A-50F6B8EA6B54} to the user NT AUTHORITY\LOCAL SERVICE SID (S-1-5-19).
2026-09-16 20:37:15,System,Microsoft-Windows-DistributedCOM,10016,Warning,WEB-PAGOS-01,The application-specific permission settings do not grant Local Activation permission for the COM Server application with CLSID {2593F8B9-4EAF-457C-B68A-50F6B8EA6B54} to the user NT AUTHORITY\LOCAL SERVICE SID (S-1-5-19).
2026-09-16 20:45:28,System,Schannel,36887,Error,WEB-PAGOS-01,A fatal alert was received from the remote endpoint. The TLS protocol defined fatal alert code is 46.
2026-09-16 20:59:43,System,Microsoft-Windows-DistributedCOM,10016,Warning,WEB-PAGOS-01,The application-specific permission settings do not grant Local Activation permission for the COM Server application with CLSID {2593F8B9-4EAF-457C-B68A-50F6B8EA6B54} to the user NT AUTHORITY\LOCAL SERVICE SID (S-1-5-19).
2026-09-16 21:08:00,System,Schannel,36887,Error,WEB-PAGOS-01,A fatal alert was received from the remote endpoint. The TLS protocol defined fatal alert code is 46.
2026-09-16 21:30:33,System,Microsoft-Windows-DistributedCOM,10016,Warning,WEB-PAGOS-01,The application-specific permission settings do not grant Local Activation permission for the COM Server application with CLSID {2593F8B9-4EAF-457C-B68A-50F6B8EA6B54} to the user NT AUTHORITY\LOCAL SERVICE SID (S-1-5-19).
2026-09-16 21:36:23,System,Service Control Manager,7036,Information,WEB-PAGOS-01,The WinHTTP Web Proxy Auto-Discovery Service service entered the stopped state.
2026-09-16 22:00:39,System,Microsoft-Windows-DistributedCOM,10016,Warning,WEB-PAGOS-01,The application-specific permission settings do not grant Local Activation permission for the COM Server application with CLSID {2593F8B9-4EAF-457C-B68A-50F6B8EA6B54} to the user NT AUTHORITY\LOCAL SERVICE SID (S-1-5-19).
2026-09-16 22:17:00,System,Schannel,36887,Error,WEB-PAGOS-01,A fatal alert was received from the remote endpoint. The TLS protocol defined fatal alert code is 46.
2026-09-16 22:29:13,System,Microsoft-Windows-DistributedCOM,10016,Warning,WEB-PAGOS-01,The application-specific permission settings do not grant Local Activation permission for the COM Server application with CLSID {2593F8B9-4EAF-457C-B68A-50F6B8EA6B54} to the user NT AUTHORITY\LOCAL SERVICE SID (S-1-5-19).
2026-09-16 22:33:54,System,Service Control Manager,7036,Information,WEB-PAGOS-01,The Servicio Notificaciones service entered the running state.
2026-09-16 22:34:13,System,Service Control Manager,7036,Information,WEB-PAGOS-01,The Windows Modules Installer service entered the running state.
2026-09-16 23:28:19,System,Microsoft-Windows-DistributedCOM,10016,Warning,WEB-PAGOS-01,The application-specific permission settings do not grant Local Activation permission for the COM Server application with CLSID {2593F8B9-4EAF-457C-B68A-50F6B8EA6B54} to the user NT AUTHORITY\LOCAL SERVICE SID (S-1-5-19).
2026-09-16 23:32:54,System,Microsoft-Windows-DistributedCOM,10016,Warning,WEB-PAGOS-01,The application-specific permission settings do not grant Local Activation permission for the COM Server application with CLSID {2593F8B9-4EAF-457C-B68A-50F6B8EA6B54} to the user NT AUTHORITY\LOCAL SERVICE SID (S-1-5-19).
2026-09-16 23:56:05,System,Microsoft-Windows-DistributedCOM,10016,Warning,WEB-PAGOS-01,The application-specific permission settings do not grant Local Activation permission for the COM Server application with CLSID {2593F8B9-4EAF-457C-B68A-50F6B8EA6B54} to the user NT AUTHORITY\LOCAL SERVICE SID (S-1-5-19).
2026-09-17 00:13:08,System,Microsoft-Windows-DistributedCOM,10016,Warning,WEB-PAGOS-01,The application-specific permission settings do not grant Local Activation permission for the COM Server application with CLSID {2593F8B9-4EAF-457C-B68A-50F6B8EA6B54} to the user NT AUTHORITY\LOCAL SERVICE SID (S-1-5-19).
2026-09-17 00:39:04,System,Service Control Manager,7036,Information,WEB-PAGOS-01,The Servicio Notificaciones service entered the running state.
2026-09-17 00:56:56,System,Microsoft-Windows-DistributedCOM,10016,Warning,WEB-PAGOS-01,The application-specific permission settings do not grant Local Activation permission for the COM Server application with CLSID {2593F8B9-4EAF-457C-B68A-50F6B8EA6B54} to the user NT AUTHORITY\LOCAL SERVICE SID (S-1-5-19).
2026-09-17 01:07:05,System,Microsoft-Windows-DistributedCOM,10016,Warning,WEB-PAGOS-01,The application-specific permission settings do not grant Local Activation permission for the COM Server application with CLSID {2593F8B9-4EAF-457C-B68A-50F6B8EA6B54} to the user NT AUTHORITY\LOCAL SERVICE SID (S-1-5-19).
2026-09-17 02:00:01,System,Microsoft-Windows-IIS-IISReset,3201,Information,WEB-PAGOS-01,IIS stop command received from user ANDINA\svc_mantenimiento. The logged data is the status code.
2026-09-17 02:00:15,System,Microsoft-Windows-IIS-IISReset,3202,Information,WEB-PAGOS-01,IIS start command received from user ANDINA\svc_mantenimiento. The logged data is the status code.
2026-09-17 02:00:41,Microsoft-Windows-TaskScheduler/Operational,Microsoft-Windows-TaskScheduler,201,Information,WEB-PAGOS-01,"Task Scheduler successfully completed task ""\Mantenimiento\MantenimientoDiarioIIS"" , instance ""{...}"" , action ""C:\Windows\SYSTEM32\cmd.exe"" with return code 0."
2026-09-17 02:14:15,System,Microsoft-Windows-DistributedCOM,10016,Warning,WEB-PAGOS-01,The application-specific permission settings do not grant Local Activation permission for the COM Server application with CLSID {2593F8B9-4EAF-457C-B68A-50F6B8EA6B54} to the user NT AUTHORITY\LOCAL SERVICE SID (S-1-5-19).
2026-09-17 02:33:43,System,Microsoft-Windows-DistributedCOM,10016,Warning,WEB-PAGOS-01,The application-specific permission settings do not grant Local Activation permission for the COM Server application with CLSID {2593F8B9-4EAF-457C-B68A-50F6B8EA6B54} to the user NT AUTHORITY\LOCAL SERVICE SID (S-1-5-19).
2026-09-17 02:46:45,System,Microsoft-Windows-DistributedCOM,10016,Warning,WEB-PAGOS-01,The application-specific permission settings do not grant Local Activation permission for the COM Server application with CLSID {2593F8B9-4EAF-457C-B68A-50F6B8EA6B54} to the user NT AUTHORITY\LOCAL SERVICE SID (S-1-5-19).
2026-09-17 02:59:23,System,Schannel,36887,Error,WEB-PAGOS-01,A fatal alert was received from the remote endpoint. The TLS protocol defined fatal alert code is 46.
2026-09-17 03:14:50,System,Microsoft-Windows-DistributedCOM,10016,Warning,WEB-PAGOS-01,The application-specific permission settings do not grant Local Activation permission for the COM Server application with CLSID {2593F8B9-4EAF-457C-B68A-50F6B8EA6B54} to the user NT AUTHORITY\LOCAL SERVICE SID (S-1-5-19).
2026-09-17 03:16:13,System,Microsoft-Windows-DistributedCOM,10016,Warning,WEB-PAGOS-01,The application-specific permission settings do not grant Local Activation permission for the COM Server application with CLSID {2593F8B9-4EAF-457C-B68A-50F6B8EA6B54} to the user NT AUTHORITY\LOCAL SERVICE SID (S-1-5-19).
2026-09-17 03:35:26,System,Microsoft-Windows-DistributedCOM,10016,Warning,WEB-PAGOS-01,The application-specific permission settings do not grant Local Activation permission for the COM Server application with CLSID {2593F8B9-4EAF-457C-B68A-50F6B8EA6B54} to the user NT AUTHORITY\LOCAL SERVICE SID (S-1-5-19).
2026-09-17 03:41:03,System,Service Control Manager,7036,Information,WEB-PAGOS-01,The Servicio Notificaciones service entered the running state.
2026-09-17 04:27:19,System,Microsoft-Windows-DistributedCOM,10016,Warning,WEB-PAGOS-01,The application-specific permission settings do not grant Local Activation permission for the COM Server application with CLSID {2593F8B9-4EAF-457C-B68A-50F6B8EA6B54} to the user NT AUTHORITY\LOCAL SERVICE SID (S-1-5-19).
2026-09-17 05:06:16,System,Service Control Manager,7036,Information,WEB-PAGOS-01,The Servicio Notificaciones service entered the running state.
2026-09-17 05:38:10,System,Microsoft-Windows-DistributedCOM,10016,Warning,WEB-PAGOS-01,The application-specific permission settings do not grant Local Activation permission for the COM Server application with CLSID {2593F8B9-4EAF-457C-B68A-50F6B8EA6B54} to the user NT AUTHORITY\LOCAL SERVICE SID (S-1-5-19).
2026-09-17 06:06:14,System,Schannel,36887,Error,WEB-PAGOS-01,A fatal alert was received from the remote endpoint. The TLS protocol defined fatal alert code is 46.
2026-09-17 06:36:06,System,Service Control Manager,7036,Information,WEB-PAGOS-01,The Windows Modules Installer service entered the running state.
2026-09-17 07:15:47,System,Microsoft-Windows-DistributedCOM,10016,Warning,WEB-PAGOS-01,The application-specific permission settings do not grant Local Activation permission for the COM Server application with CLSID {2593F8B9-4EAF-457C-B68A-50F6B8EA6B54} to the user NT AUTHORITY\LOCAL SERVICE SID (S-1-5-19).
2026-09-17 07:21:08,System,Microsoft-Windows-DistributedCOM,10016,Warning,WEB-PAGOS-01,The application-specific permission settings do not grant Local Activation permission for the COM Server application with CLSID {2593F8B9-4EAF-457C-B68A-50F6B8EA6B54} to the user NT AUTHORITY\LOCAL SERVICE SID (S-1-5-19).
2026-09-17 07:32:09,System,Microsoft-Windows-DistributedCOM,10016,Warning,WEB-PAGOS-01,The application-specific permission settings do not grant Local Activation permission for the COM Server application with CLSID {2593F8B9-4EAF-457C-B68A-50F6B8EA6B54} to the user NT AUTHORITY\LOCAL SERVICE SID (S-1-5-19).
2026-09-17 07:41:39,System,Service Control Manager,7036,Information,WEB-PAGOS-01,The WinHTTP Web Proxy Auto-Discovery Service service entered the stopped state.
2026-09-17 08:13:49,System,Microsoft-Windows-DistributedCOM,10016,Warning,WEB-PAGOS-01,The application-specific permission settings do not grant Local Activation permission for the COM Server application with CLSID {2593F8B9-4EAF-457C-B68A-50F6B8EA6B54} to the user NT AUTHORITY\LOCAL SERVICE SID (S-1-5-19).
2026-09-17 08:31:13,System,Microsoft-Windows-DistributedCOM,10016,Warning,WEB-PAGOS-01,The application-specific permission settings do not grant Local Activation permission for the COM Server application with CLSID {2593F8B9-4EAF-457C-B68A-50F6B8EA6B54} to the user NT AUTHORITY\LOCAL SERVICE SID (S-1-5-19).
2026-09-17 08:42:34,System,Microsoft-Windows-DistributedCOM,10016,Warning,WEB-PAGOS-01,The application-specific permission settings do not grant Local Activation permission for the COM Server application with CLSID {2593F8B9-4EAF-457C-B68A-50F6B8EA6B54} to the user NT AUTHORITY\LOCAL SERVICE SID (S-1-5-19).
2026-09-17 08:43:26,System,Microsoft-Windows-DistributedCOM,10016,Warning,WEB-PAGOS-01,The application-specific permission settings do not grant Local Activation permission for the COM Server application with CLSID {2593F8B9-4EAF-457C-B68A-50F6B8EA6B54} to the user NT AUTHORITY\LOCAL SERVICE SID (S-1-5-19).
2026-09-17 09:30:52,System,Service Control Manager,7036,Information,WEB-PAGOS-01,The Servicio Notificaciones service entered the running state.
2026-09-17 09:33:28,System,Microsoft-Windows-DistributedCOM,10016,Warning,WEB-PAGOS-01,The application-specific permission settings do not grant Local Activation permission for the COM Server application with CLSID {2593F8B9-4EAF-457C-B68A-50F6B8EA6B54} to the user NT AUTHORITY\LOCAL SERVICE SID (S-1-5-19).
2026-09-17 10:06:58,System,Microsoft-Windows-DistributedCOM,10016,Warning,WEB-PAGOS-01,The application-specific permission settings do not grant Local Activation permission for the COM Server application with CLSID {2593F8B9-4EAF-457C-B68A-50F6B8EA6B54} to the user NT AUTHORITY\LOCAL SERVICE SID (S-1-5-19).
2026-09-17 10:09:51,System,Microsoft-Windows-DistributedCOM,10016,Warning,WEB-PAGOS-01,The application-specific permission settings do not grant Local Activation permission for the COM Server application with CLSID {2593F8B9-4EAF-457C-B68A-50F6B8EA6B54} to the user NT AUTHORITY\LOCAL SERVICE SID (S-1-5-19).
2026-09-17 10:20:29,System,Microsoft-Windows-DistributedCOM,10016,Warning,WEB-PAGOS-01,The application-specific permission settings do not grant Local Activation permission for the COM Server application with CLSID {2593F8B9-4EAF-457C-B68A-50F6B8EA6B54} to the user NT AUTHORITY\LOCAL SERVICE SID (S-1-5-19).
2026-09-17 10:28:46,System,Microsoft-Windows-DistributedCOM,10016,Warning,WEB-PAGOS-01,The application-specific permission settings do not grant Local Activation permission for the COM Server application with CLSID {2593F8B9-4EAF-457C-B68A-50F6B8EA6B54} to the user NT AUTHORITY\LOCAL SERVICE SID (S-1-5-19).
2026-09-17 10:32:28,System,Microsoft-Windows-DistributedCOM,10016,Warning,WEB-PAGOS-01,The application-specific permission settings do not grant Local Activation permission for the COM Server application with CLSID {2593F8B9-4EAF-457C-B68A-50F6B8EA6B54} to the user NT AUTHORITY\LOCAL SERVICE SID (S-1-5-19).
2026-09-17 11:09:39,System,Microsoft-Windows-DistributedCOM,10016,Warning,WEB-PAGOS-01,The application-specific permission settings do not grant Local Activation permission for the COM Server application with CLSID {2593F8B9-4EAF-457C-B68A-50F6B8EA6B54} to the user NT AUTHORITY\LOCAL SERVICE SID (S-1-5-19).
2026-09-17 12:03:20,System,Schannel,36887,Error,WEB-PAGOS-01,A fatal alert was received from the remote endpoint. The TLS protocol defined fatal alert code is 46.
2026-09-17 12:14:39,System,Service Control Manager,7036,Information,WEB-PAGOS-01,The Servicio Notificaciones service entered the running state.
2026-09-17 12:21:06,System,Service Control Manager,7036,Information,WEB-PAGOS-01,The Servicio Notificaciones service entered the running state.
2026-09-17 12:43:09,System,Microsoft-Windows-DistributedCOM,10016,Warning,WEB-PAGOS-01,The application-specific permission settings do not grant Local Activation permission for the COM Server application with CLSID {2593F8B9-4EAF-457C-B68A-50F6B8EA6B54} to the user NT AUTHORITY\LOCAL SERVICE SID (S-1-5-19).
2026-09-17 12:55:25,System,Microsoft-Windows-DistributedCOM,10016,Warning,WEB-PAGOS-01,The application-specific permission settings do not grant Local Activation permission for the COM Server application with CLSID {2593F8B9-4EAF-457C-B68A-50F6B8EA6B54} to the user NT AUTHORITY\LOCAL SERVICE SID (S-1-5-19).
2026-09-17 13:06:20,System,Service Control Manager,7036,Information,WEB-PAGOS-01,The Windows Modules Installer service entered the running state.
2026-09-17 13:29:15,System,Service Control Manager,7036,Information,WEB-PAGOS-01,The WinHTTP Web Proxy Auto-Discovery Service service entered the stopped state.
2026-09-17 14:09:16,System,Microsoft-Windows-DistributedCOM,10016,Warning,WEB-PAGOS-01,The application-specific permission settings do not grant Local Activation permission for the COM Server application with CLSID {2593F8B9-4EAF-457C-B68A-50F6B8EA6B54} to the user NT AUTHORITY\LOCAL SERVICE SID (S-1-5-19).
2026-09-17 14:15:25,System,Microsoft-Windows-DistributedCOM,10016,Warning,WEB-PAGOS-01,The application-specific permission settings do not grant Local Activation permission for the COM Server application with CLSID {2593F8B9-4EAF-457C-B68A-50F6B8EA6B54} to the user NT AUTHORITY\LOCAL SERVICE SID (S-1-5-19).
2026-09-17 16:01:31,System,Service Control Manager,7036,Information,WEB-PAGOS-01,The WinHTTP Web Proxy Auto-Discovery Service service entered the stopped state.
2026-09-17 16:26:55,System,Microsoft-Windows-DistributedCOM,10016,Warning,WEB-PAGOS-01,The application-specific permission settings do not grant Local Activation permission for the COM Server application with CLSID {2593F8B9-4EAF-457C-B68A-50F6B8EA6B54} to the user NT AUTHORITY\LOCAL SERVICE SID (S-1-5-19).
2026-09-17 16:40:56,System,Service Control Manager,7036,Information,WEB-PAGOS-01,The WinHTTP Web Proxy Auto-Discovery Service service entered the stopped state.
2026-09-17 16:56:46,System,Service Control Manager,7036,Information,WEB-PAGOS-01,The Servicio Notificaciones service entered the running state.
2026-09-17 17:01:51,System,Microsoft-Windows-DistributedCOM,10016,Warning,WEB-PAGOS-01,The application-specific permission settings do not grant Local Activation permission for the COM Server application with CLSID {2593F8B9-4EAF-457C-B68A-50F6B8EA6B54} to the user NT AUTHORITY\LOCAL SERVICE SID (S-1-5-19).
2026-09-17 17:53:19,System,Microsoft-Windows-DistributedCOM,10016,Warning,WEB-PAGOS-01,The application-specific permission settings do not grant Local Activation permission for the COM Server application with CLSID {2593F8B9-4EAF-457C-B68A-50F6B8EA6B54} to the user NT AUTHORITY\LOCAL SERVICE SID (S-1-5-19).
2026-09-17 18:01:16,System,Microsoft-Windows-DistributedCOM,10016,Warning,WEB-PAGOS-01,The application-specific permission settings do not grant Local Activation permission for the COM Server application with CLSID {2593F8B9-4EAF-457C-B68A-50F6B8EA6B54} to the user NT AUTHORITY\LOCAL SERVICE SID (S-1-5-19).
2026-09-17 18:12:18,System,Schannel,36887,Error,WEB-PAGOS-01,A fatal alert was received from the remote endpoint. The TLS protocol defined fatal alert code is 46.
2026-09-17 18:21:41,System,Microsoft-Windows-DistributedCOM,10016,Warning,WEB-PAGOS-01,The application-specific permission settings do not grant Local Activation permission for the COM Server application with CLSID {2593F8B9-4EAF-457C-B68A-50F6B8EA6B54} to the user NT AUTHORITY\LOCAL SERVICE SID (S-1-5-19).
2026-09-17 18:51:57,System,Microsoft-Windows-DistributedCOM,10016,Warning,WEB-PAGOS-01,The application-specific permission settings do not grant Local Activation permission for the COM Server application with CLSID {2593F8B9-4EAF-457C-B68A-50F6B8EA6B54} to the user NT AUTHORITY\LOCAL SERVICE SID (S-1-5-19).
2026-09-17 19:22:16,System,Service Control Manager,7036,Information,WEB-PAGOS-01,The WinHTTP Web Proxy Auto-Discovery Service service entered the stopped state.
2026-09-17 19:40:30,System,Service Control Manager,7036,Information,WEB-PAGOS-01,The Windows Modules Installer service entered the running state.
2026-09-17 20:13:53,System,Schannel,36887,Error,WEB-PAGOS-01,A fatal alert was received from the remote endpoint. The TLS protocol defined fatal alert code is 46.
2026-09-17 20:17:52,System,Service Control Manager,7036,Information,WEB-PAGOS-01,The Windows Modules Installer service entered the running state.
2026-09-17 20:54:47,System,Microsoft-Windows-DistributedCOM,10016,Warning,WEB-PAGOS-01,The application-specific permission settings do not grant Local Activation permission for the COM Server application with CLSID {2593F8B9-4EAF-457C-B68A-50F6B8EA6B54} to the user NT AUTHORITY\LOCAL SERVICE SID (S-1-5-19).
2026-09-17 20:56:10,System,Microsoft-Windows-DistributedCOM,10016,Warning,WEB-PAGOS-01,The application-specific permission settings do not grant Local Activation permission for the COM Server application with CLSID {2593F8B9-4EAF-457C-B68A-50F6B8EA6B54} to the user NT AUTHORITY\LOCAL SERVICE SID (S-1-5-19).
2026-09-17 21:00:58,System,Microsoft-Windows-DistributedCOM,10016,Warning,WEB-PAGOS-01,The application-specific permission settings do not grant Local Activation permission for the COM Server application with CLSID {2593F8B9-4EAF-457C-B68A-50F6B8EA6B54} to the user NT AUTHORITY\LOCAL SERVICE SID (S-1-5-19).
2026-09-17 21:01:10,System,Service Control Manager,7036,Information,WEB-PAGOS-01,The WinHTTP Web Proxy Auto-Discovery Service service entered the stopped state.
2026-09-17 21:12:14,System,Microsoft-Windows-DistributedCOM,10016,Warning,WEB-PAGOS-01,The application-specific permission settings do not grant Local Activation permission for the COM Server application with CLSID {2593F8B9-4EAF-457C-B68A-50F6B8EA6B54} to the user NT AUTHORITY\LOCAL SERVICE SID (S-1-5-19).
2026-09-17 21:25:46,System,Schannel,36887,Error,WEB-PAGOS-01,A fatal alert was received from the remote endpoint. The TLS protocol defined fatal alert code is 46.
2026-09-17 21:58:33,System,Schannel,36887,Error,WEB-PAGOS-01,A fatal alert was received from the remote endpoint. The TLS protocol defined fatal alert code is 46.
2026-09-17 22:09:33,System,Service Control Manager,7036,Information,WEB-PAGOS-01,The Servicio Notificaciones service entered the running state.
2026-09-17 22:43:18,System,Microsoft-Windows-DistributedCOM,10016,Warning,WEB-PAGOS-01,The application-specific permission settings do not grant Local Activation permission for the COM Server application with CLSID {2593F8B9-4EAF-457C-B68A-50F6B8EA6B54} to the user NT AUTHORITY\LOCAL SERVICE SID (S-1-5-19).
2026-09-17 23:16:41,System,Microsoft-Windows-DistributedCOM,10016,Warning,WEB-PAGOS-01,The application-specific permission settings do not grant Local Activation permission for the COM Server application with CLSID {2593F8B9-4EAF-457C-B68A-50F6B8EA6B54} to the user NT AUTHORITY\LOCAL SERVICE SID (S-1-5-19).
2026-09-17 23:26:35,System,Microsoft-Windows-DistributedCOM,10016,Warning,WEB-PAGOS-01,The application-specific permission settings do not grant Local Activation permission for the COM Server application with CLSID {2593F8B9-4EAF-457C-B68A-50F6B8EA6B54} to the user NT AUTHORITY\LOCAL SERVICE SID (S-1-5-19).
2026-09-17 23:38:45,System,Microsoft-Windows-DistributedCOM,10016,Warning,WEB-PAGOS-01,The application-specific permission settings do not grant Local Activation permission for the COM Server application with CLSID {2593F8B9-4EAF-457C-B68A-50F6B8EA6B54} to the user NT AUTHORITY\LOCAL SERVICE SID (S-1-5-19).
2026-09-17 23:48:21,System,Microsoft-Windows-DistributedCOM,10016,Warning,WEB-PAGOS-01,The application-specific permission settings do not grant Local Activation permission for the COM Server application with CLSID {2593F8B9-4EAF-457C-B68A-50F6B8EA6B54} to the user NT AUTHORITY\LOCAL SERVICE SID (S-1-5-19).
2026-09-18 00:37:36,System,Microsoft-Windows-DistributedCOM,10016,Warning,WEB-PAGOS-01,The application-specific permission settings do not grant Local Activation permission for the COM Server application with CLSID {2593F8B9-4EAF-457C-B68A-50F6B8EA6B54} to the user NT AUTHORITY\LOCAL SERVICE SID (S-1-5-19).
2026-09-18 00:53:45,System,Service Control Manager,7036,Information,WEB-PAGOS-01,The Servicio Notificaciones service entered the running state.
2026-09-18 01:07:31,System,Microsoft-Windows-DistributedCOM,10016,Warning,WEB-PAGOS-01,The application-specific permission settings do not grant Local Activation permission for the COM Server application with CLSID {2593F8B9-4EAF-457C-B68A-50F6B8EA6B54} to the user NT AUTHORITY\LOCAL SERVICE SID (S-1-5-19).
2026-09-18 01:34:25,System,Schannel,36887,Error,WEB-PAGOS-01,A fatal alert was received from the remote endpoint. The TLS protocol defined fatal alert code is 46.
2026-09-18 01:42:32,System,Microsoft-Windows-DistributedCOM,10016,Warning,WEB-PAGOS-01,The application-specific permission settings do not grant Local Activation permission for the COM Server application with CLSID {2593F8B9-4EAF-457C-B68A-50F6B8EA6B54} to the user NT AUTHORITY\LOCAL SERVICE SID (S-1-5-19).
2026-09-18 02:00:01,System,Microsoft-Windows-IIS-IISReset,3201,Information,WEB-PAGOS-01,IIS stop command received from user ANDINA\svc_mantenimiento. The logged data is the status code.
2026-09-18 02:00:15,System,Microsoft-Windows-IIS-IISReset,3202,Information,WEB-PAGOS-01,IIS start command received from user ANDINA\svc_mantenimiento. The logged data is the status code.
2026-09-18 02:00:27,System,Microsoft-Windows-DistributedCOM,10016,Warning,WEB-PAGOS-01,The application-specific permission settings do not grant Local Activation permission for the COM Server application with CLSID {2593F8B9-4EAF-457C-B68A-50F6B8EA6B54} to the user NT AUTHORITY\LOCAL SERVICE SID (S-1-5-19).
2026-09-18 02:00:41,Microsoft-Windows-TaskScheduler/Operational,Microsoft-Windows-TaskScheduler,201,Information,WEB-PAGOS-01,"Task Scheduler successfully completed task ""\Mantenimiento\MantenimientoDiarioIIS"" , instance ""{...}"" , action ""C:\Windows\SYSTEM32\cmd.exe"" with return code 0."
2026-09-18 02:54:55,System,Service Control Manager,7036,Information,WEB-PAGOS-01,The Windows Modules Installer service entered the running state.
2026-09-18 02:59:57,System,Microsoft-Windows-DistributedCOM,10016,Warning,WEB-PAGOS-01,The application-specific permission settings do not grant Local Activation permission for the COM Server application with CLSID {2593F8B9-4EAF-457C-B68A-50F6B8EA6B54} to the user NT AUTHORITY\LOCAL SERVICE SID (S-1-5-19).
2026-09-18 03:36:17,System,Service Control Manager,7036,Information,WEB-PAGOS-01,The WinHTTP Web Proxy Auto-Discovery Service service entered the stopped state.
2026-09-18 03:52:08,System,Service Control Manager,7036,Information,WEB-PAGOS-01,The WinHTTP Web Proxy Auto-Discovery Service service entered the stopped state.
2026-09-18 03:59:07,System,Schannel,36887,Error,WEB-PAGOS-01,A fatal alert was received from the remote endpoint. The TLS protocol defined fatal alert code is 46.
2026-09-18 04:08:25,System,Microsoft-Windows-DistributedCOM,10016,Warning,WEB-PAGOS-01,The application-specific permission settings do not grant Local Activation permission for the COM Server application with CLSID {2593F8B9-4EAF-457C-B68A-50F6B8EA6B54} to the user NT AUTHORITY\LOCAL SERVICE SID (S-1-5-19).
2026-09-18 04:17:22,System,Microsoft-Windows-DistributedCOM,10016,Warning,WEB-PAGOS-01,The application-specific permission settings do not grant Local Activation permission for the COM Server application with CLSID {2593F8B9-4EAF-457C-B68A-50F6B8EA6B54} to the user NT AUTHORITY\LOCAL SERVICE SID (S-1-5-19).
2026-09-18 04:38:45,System,Microsoft-Windows-DistributedCOM,10016,Warning,WEB-PAGOS-01,The application-specific permission settings do not grant Local Activation permission for the COM Server application with CLSID {2593F8B9-4EAF-457C-B68A-50F6B8EA6B54} to the user NT AUTHORITY\LOCAL SERVICE SID (S-1-5-19).
2026-09-18 05:14:49,System,Microsoft-Windows-DistributedCOM,10016,Warning,WEB-PAGOS-01,The application-specific permission settings do not grant Local Activation permission for the COM Server application with CLSID {2593F8B9-4EAF-457C-B68A-50F6B8EA6B54} to the user NT AUTHORITY\LOCAL SERVICE SID (S-1-5-19).
2026-09-18 05:32:48,System,Microsoft-Windows-DistributedCOM,10016,Warning,WEB-PAGOS-01,The application-specific permission settings do not grant Local Activation permission for the COM Server application with CLSID {2593F8B9-4EAF-457C-B68A-50F6B8EA6B54} to the user NT AUTHORITY\LOCAL SERVICE SID (S-1-5-19).
2026-09-18 05:59:34,System,Microsoft-Windows-DistributedCOM,10016,Warning,WEB-PAGOS-01,The application-specific permission settings do not grant Local Activation permission for the COM Server application with CLSID {2593F8B9-4EAF-457C-B68A-50F6B8EA6B54} to the user NT AUTHORITY\LOCAL SERVICE SID (S-1-5-19).
2026-09-18 06:19:24,System,Microsoft-Windows-DistributedCOM,10016,Warning,WEB-PAGOS-01,The application-specific permission settings do not grant Local Activation permission for the COM Server application with CLSID {2593F8B9-4EAF-457C-B68A-50F6B8EA6B54} to the user NT AUTHORITY\LOCAL SERVICE SID (S-1-5-19).
2026-09-18 06:55:43,System,Service Control Manager,7036,Information,WEB-PAGOS-01,The WinHTTP Web Proxy Auto-Discovery Service service entered the stopped state.
2026-09-18 07:16:36,System,Schannel,36887,Error,WEB-PAGOS-01,A fatal alert was received from the remote endpoint. The TLS protocol defined fatal alert code is 46.
2026-09-18 07:25:30,System,Microsoft-Windows-DistributedCOM,10016,Warning,WEB-PAGOS-01,The application-specific permission settings do not grant Local Activation permission for the COM Server application with CLSID {2593F8B9-4EAF-457C-B68A-50F6B8EA6B54} to the user NT AUTHORITY\LOCAL SERVICE SID (S-1-5-19).
2026-09-18 07:27:01,System,Service Control Manager,7036,Information,WEB-PAGOS-01,The Windows Modules Installer service entered the running state.
2026-09-18 08:03:15,System,Microsoft-Windows-DistributedCOM,10016,Warning,WEB-PAGOS-01,The application-specific permission settings do not grant Local Activation permission for the COM Server application with CLSID {2593F8B9-4EAF-457C-B68A-50F6B8EA6B54} to the user NT AUTHORITY\LOCAL SERVICE SID (S-1-5-19).
2026-09-18 08:11:23,System,Microsoft-Windows-DistributedCOM,10016,Warning,WEB-PAGOS-01,The application-specific permission settings do not grant Local Activation permission for the COM Server application with CLSID {2593F8B9-4EAF-457C-B68A-50F6B8EA6B54} to the user NT AUTHORITY\LOCAL SERVICE SID (S-1-5-19).
2026-09-18 08:36:44,System,Microsoft-Windows-DistributedCOM,10016,Warning,WEB-PAGOS-01,The application-specific permission settings do not grant Local Activation permission for the COM Server application with CLSID {2593F8B9-4EAF-457C-B68A-50F6B8EA6B54} to the user NT AUTHORITY\LOCAL SERVICE SID (S-1-5-19).
2026-09-18 09:19:26,System,Service Control Manager,7036,Information,WEB-PAGOS-01,The Windows Modules Installer service entered the running state.
2026-09-18 09:20:07,System,Microsoft-Windows-DistributedCOM,10016,Warning,WEB-PAGOS-01,The application-specific permission settings do not grant Local Activation permission for the COM Server application with CLSID {2593F8B9-4EAF-457C-B68A-50F6B8EA6B54} to the user NT AUTHORITY\LOCAL SERVICE SID (S-1-5-19).
2026-09-18 09:26:11,System,Service Control Manager,7036,Information,WEB-PAGOS-01,The Servicio Notificaciones service entered the running state.
2026-09-18 09:26:23,System,Microsoft-Windows-DistributedCOM,10016,Warning,WEB-PAGOS-01,The application-specific permission settings do not grant Local Activation permission for the COM Server application with CLSID {2593F8B9-4EAF-457C-B68A-50F6B8EA6B54} to the user NT AUTHORITY\LOCAL SERVICE SID (S-1-5-19).
2026-09-18 09:27:56,System,Microsoft-Windows-DistributedCOM,10016,Warning,WEB-PAGOS-01,The application-specific permission settings do not grant Local Activation permission for the COM Server application with CLSID {2593F8B9-4EAF-457C-B68A-50F6B8EA6B54} to the user NT AUTHORITY\LOCAL SERVICE SID (S-1-5-19).
2026-09-18 11:03:45,System,Service Control Manager,7036,Information,WEB-PAGOS-01,The Servicio Notificaciones service entered the running state.
2026-09-18 12:21:53,System,Microsoft-Windows-DistributedCOM,10016,Warning,WEB-PAGOS-01,The application-specific permission settings do not grant Local Activation permission for the COM Server application with CLSID {2593F8B9-4EAF-457C-B68A-50F6B8EA6B54} to the user NT AUTHORITY\LOCAL SERVICE SID (S-1-5-19).
2026-09-18 12:36:20,System,Service Control Manager,7036,Information,WEB-PAGOS-01,The Windows Modules Installer service entered the running state.
2026-09-18 12:46:25,System,Microsoft-Windows-DistributedCOM,10016,Warning,WEB-PAGOS-01,The application-specific permission settings do not grant Local Activation permission for the COM Server application with CLSID {2593F8B9-4EAF-457C-B68A-50F6B8EA6B54} to the user NT AUTHORITY\LOCAL SERVICE SID (S-1-5-19).
2026-09-18 12:55:39,System,Microsoft-Windows-DistributedCOM,10016,Warning,WEB-PAGOS-01,The application-specific permission settings do not grant Local Activation permission for the COM Server application with CLSID {2593F8B9-4EAF-457C-B68A-50F6B8EA6B54} to the user NT AUTHORITY\LOCAL SERVICE SID (S-1-5-19).
2026-09-18 13:24:19,Application,ASP.NET 4.0.30319.0,1309,Warning,WEB-PAGOS-01,Event code: 3005 Event message: An unhandled exception has occurred. Exception type: OutOfMemoryException Exception message: Exception of type 'System.OutOfMemoryException' was thrown. Request path: /api/pagos/confirmar Stack: at Andina.Pagos.SesionPagoCache.Agregar(SesionPago s)
2026-09-18 13:29:27,Application,ASP.NET 4.0.30319.0,1309,Warning,WEB-PAGOS-01,Event code: 3005 Event message: An unhandled exception has occurred. Exception type: OutOfMemoryException Exception message: Exception of type 'System.OutOfMemoryException' was thrown. Request path: /api/pagos/confirmar Stack: at Andina.Pagos.SesionPagoCache.Agregar(SesionPago s)
2026-09-18 13:31:34,Application,ASP.NET 4.0.30319.0,1309,Warning,WEB-PAGOS-01,Event code: 3005 Event message: An unhandled exception has occurred. Exception type: OutOfMemoryException Exception message: Exception of type 'System.OutOfMemoryException' was thrown. Request path: /api/pagos/confirmar Stack: at Andina.Pagos.SesionPagoCache.Agregar(SesionPago s)
2026-09-18 13:32:08,Application,ASP.NET 4.0.30319.0,1309,Warning,WEB-PAGOS-01,Event code: 3005 Event message: An unhandled exception has occurred. Exception type: OutOfMemoryException Exception message: Exception of type 'System.OutOfMemoryException' was thrown. Request path: /api/pagos/confirmar Stack: at Andina.Pagos.SesionPagoCache.Agregar(SesionPago s)
2026-09-18 13:32:46,Application,ASP.NET 4.0.30319.0,1309,Warning,WEB-PAGOS-01,Event code: 3005 Event message: An unhandled exception has occurred. Exception type: OutOfMemoryException Exception message: Exception of type 'System.OutOfMemoryException' was thrown. Request path: /api/pagos/confirmar Stack: at Andina.Pagos.SesionPagoCache.Agregar(SesionPago s)
2026-09-18 13:33:03,System,Schannel,36887,Error,WEB-PAGOS-01,A fatal alert was received from the remote endpoint. The TLS protocol defined fatal alert code is 46.
2026-09-18 13:33:22,System,Microsoft-Windows-DistributedCOM,10016,Warning,WEB-PAGOS-01,The application-specific permission settings do not grant Local Activation permission for the COM Server application with CLSID {2593F8B9-4EAF-457C-B68A-50F6B8EA6B54} to the user NT AUTHORITY\LOCAL SERVICE SID (S-1-5-19).
2026-09-18 13:33:39,Application,ASP.NET 4.0.30319.0,1309,Warning,WEB-PAGOS-01,Event code: 3005 Event message: An unhandled exception has occurred. Exception type: OutOfMemoryException Exception message: Exception of type 'System.OutOfMemoryException' was thrown. Request path: /api/pagos/confirmar Stack: at Andina.Pagos.SesionPagoCache.Agregar(SesionPago s)
2026-09-18 13:33:53,Application,ASP.NET 4.0.30319.0,1309,Warning,WEB-PAGOS-01,Event code: 3005 Event message: An unhandled exception has occurred. Exception type: OutOfMemoryException Exception message: Exception of type 'System.OutOfMemoryException' was thrown. Request path: /api/pagos/confirmar Stack: at Andina.Pagos.SesionPagoCache.Agregar(SesionPago s)
2026-09-18 13:34:22,Application,ASP.NET 4.0.30319.0,1309,Warning,WEB-PAGOS-01,Event code: 3005 Event message: An unhandled exception has occurred. Exception type: OutOfMemoryException Exception message: Exception of type 'System.OutOfMemoryException' was thrown. Request path: /api/pagos/confirmar Stack: at Andina.Pagos.SesionPagoCache.Agregar(SesionPago s)
2026-09-18 13:34:49,Application,ASP.NET 4.0.30319.0,1309,Warning,WEB-PAGOS-01,Event code: 3005 Event message: An unhandled exception has occurred. Exception type: OutOfMemoryException Exception message: Exception of type 'System.OutOfMemoryException' was thrown. Request path: /api/pagos/confirmar Stack: at Andina.Pagos.SesionPagoCache.Agregar(SesionPago s)
2026-09-18 13:34:58,Application,ASP.NET 4.0.30319.0,1309,Warning,WEB-PAGOS-01,Event code: 3005 Event message: An unhandled exception has occurred. Exception type: OutOfMemoryException Exception message: Exception of type 'System.OutOfMemoryException' was thrown. Request path: /api/pagos/confirmar Stack: at Andina.Pagos.SesionPagoCache.Agregar(SesionPago s)
2026-09-18 13:35:37,Application,ASP.NET 4.0.30319.0,1309,Warning,WEB-PAGOS-01,Event code: 3005 Event message: An unhandled exception has occurred. Exception type: OutOfMemoryException Exception message: Exception of type 'System.OutOfMemoryException' was thrown. Request path: /api/pagos/confirmar Stack: at Andina.Pagos.SesionPagoCache.Agregar(SesionPago s)
2026-09-18 13:38:11,Application,ASP.NET 4.0.30319.0,1309,Warning,WEB-PAGOS-01,Event code: 3005 Event message: An unhandled exception has occurred. Exception type: OutOfMemoryException Exception message: Exception of type 'System.OutOfMemoryException' was thrown. Request path: /api/pagos/confirmar Stack: at Andina.Pagos.SesionPagoCache.Agregar(SesionPago s)
2026-09-18 13:38:33,Application,ASP.NET 4.0.30319.0,1309,Warning,WEB-PAGOS-01,Event code: 3005 Event message: An unhandled exception has occurred. Exception type: OutOfMemoryException Exception message: Exception of type 'System.OutOfMemoryException' was thrown. Request path: /api/pagos/confirmar Stack: at Andina.Pagos.SesionPagoCache.Agregar(SesionPago s)
2026-09-18 13:39:26,Application,ASP.NET 4.0.30319.0,1309,Warning,WEB-PAGOS-01,Event code: 3005 Event message: An unhandled exception has occurred. Exception type: OutOfMemoryException Exception message: Exception of type 'System.OutOfMemoryException' was thrown. Request path: /api/pagos/confirmar Stack: at Andina.Pagos.SesionPagoCache.Agregar(SesionPago s)
2026-09-18 13:40:41,Application,ASP.NET 4.0.30319.0,1309,Warning,WEB-PAGOS-01,Event code: 3005 Event message: An unhandled exception has occurred. Exception type: OutOfMemoryException Exception message: Exception of type 'System.OutOfMemoryException' was thrown. Request path: /api/pagos/confirmar Stack: at Andina.Pagos.SesionPagoCache.Agregar(SesionPago s)
2026-09-18 13:40:59,Application,ASP.NET 4.0.30319.0,1309,Warning,WEB-PAGOS-01,Event code: 3005 Event message: An unhandled exception has occurred. Exception type: OutOfMemoryException Exception message: Exception of type 'System.OutOfMemoryException' was thrown. Request path: /api/pagos/confirmar Stack: at Andina.Pagos.SesionPagoCache.Agregar(SesionPago s)
2026-09-18 13:42:21,Application,ASP.NET 4.0.30319.0,1309,Warning,WEB-PAGOS-01,Event code: 3005 Event message: An unhandled exception has occurred. Exception type: OutOfMemoryException Exception message: Exception of type 'System.OutOfMemoryException' was thrown. Request path: /api/pagos/confirmar Stack: at Andina.Pagos.SesionPagoCache.Agregar(SesionPago s)
2026-09-18 13:43:12,Application,ASP.NET 4.0.30319.0,1309,Warning,WEB-PAGOS-01,Event code: 3005 Event message: An unhandled exception has occurred. Exception type: OutOfMemoryException Exception message: Exception of type 'System.OutOfMemoryException' was thrown. Request path: /api/pagos/confirmar Stack: at Andina.Pagos.SesionPagoCache.Agregar(SesionPago s)
2026-09-18 13:44:17,Application,ASP.NET 4.0.30319.0,1309,Warning,WEB-PAGOS-01,Event code: 3005 Event message: An unhandled exception has occurred. Exception type: OutOfMemoryException Exception message: Exception of type 'System.OutOfMemoryException' was thrown. Request path: /api/pagos/confirmar Stack: at Andina.Pagos.SesionPagoCache.Agregar(SesionPago s)
2026-09-18 13:44:59,Application,ASP.NET 4.0.30319.0,1309,Warning,WEB-PAGOS-01,Event code: 3005 Event message: An unhandled exception has occurred. Exception type: OutOfMemoryException Exception message: Exception of type 'System.OutOfMemoryException' was thrown. Request path: /api/pagos/confirmar Stack: at Andina.Pagos.SesionPagoCache.Agregar(SesionPago s)
2026-09-18 13:47:52,Application,ASP.NET 4.0.30319.0,1309,Warning,WEB-PAGOS-01,Event code: 3005 Event message: An unhandled exception has occurred. Exception type: OutOfMemoryException Exception message: Exception of type 'System.OutOfMemoryException' was thrown. Request path: /api/pagos/confirmar Stack: at Andina.Pagos.SesionPagoCache.Agregar(SesionPago s)
2026-09-18 13:49:25,Application,ASP.NET 4.0.30319.0,1309,Warning,WEB-PAGOS-01,Event code: 3005 Event message: An unhandled exception has occurred. Exception type: OutOfMemoryException Exception message: Exception of type 'System.OutOfMemoryException' was thrown. Request path: /api/pagos/confirmar Stack: at Andina.Pagos.SesionPagoCache.Agregar(SesionPago s)
2026-09-18 13:51:58,Application,ASP.NET 4.0.30319.0,1309,Warning,WEB-PAGOS-01,Event code: 3005 Event message: An unhandled exception has occurred. Exception type: OutOfMemoryException Exception message: Exception of type 'System.OutOfMemoryException' was thrown. Request path: /api/pagos/confirmar Stack: at Andina.Pagos.SesionPagoCache.Agregar(SesionPago s)
2026-09-18 13:53:31,Application,ASP.NET 4.0.30319.0,1309,Warning,WEB-PAGOS-01,Event code: 3005 Event message: An unhandled exception has occurred. Exception type: OutOfMemoryException Exception message: Exception of type 'System.OutOfMemoryException' was thrown. Request path: /api/pagos/confirmar Stack: at Andina.Pagos.SesionPagoCache.Agregar(SesionPago s)
2026-09-18 13:54:45,Application,ASP.NET 4.0.30319.0,1309,Warning,WEB-PAGOS-01,Event code: 3005 Event message: An unhandled exception has occurred. Exception type: OutOfMemoryException Exception message: Exception of type 'System.OutOfMemoryException' was thrown. Request path: /api/pagos/confirmar Stack: at Andina.Pagos.SesionPagoCache.Agregar(SesionPago s)
2026-09-18 14:00:38,Application,ASP.NET 4.0.30319.0,1309,Warning,WEB-PAGOS-01,Event code: 3005 Event message: An unhandled exception has occurred. Exception type: OutOfMemoryException Exception message: Exception of type 'System.OutOfMemoryException' was thrown. Request path: /api/pagos/confirmar Stack: at Andina.Pagos.SesionPagoCache.Agregar(SesionPago s)
2026-09-18 14:00:47,Application,ASP.NET 4.0.30319.0,1309,Warning,WEB-PAGOS-01,Event code: 3005 Event message: An unhandled exception has occurred. Exception type: OutOfMemoryException Exception message: Exception of type 'System.OutOfMemoryException' was thrown. Request path: /api/pagos/confirmar Stack: at Andina.Pagos.SesionPagoCache.Agregar(SesionPago s)
2026-09-18 14:01:04,Application,ASP.NET 4.0.30319.0,1309,Warning,WEB-PAGOS-01,Event code: 3005 Event message: An unhandled exception has occurred. Exception type: OutOfMemoryException Exception message: Exception of type 'System.OutOfMemoryException' was thrown. Request path: /api/pagos/confirmar Stack: at Andina.Pagos.SesionPagoCache.Agregar(SesionPago s)
2026-09-18 14:01:05,System,Microsoft-Windows-DistributedCOM,10016,Warning,WEB-PAGOS-01,The application-specific permission settings do not grant Local Activation permission for the COM Server application with CLSID {2593F8B9-4EAF-457C-B68A-50F6B8EA6B54} to the user NT AUTHORITY\LOCAL SERVICE SID (S-1-5-19).
2026-09-18 14:02:45,Application,ASP.NET 4.0.30319.0,1309,Warning,WEB-PAGOS-01,Event code: 3005 Event message: An unhandled exception has occurred. Exception type: OutOfMemoryException Exception message: Exception of type 'System.OutOfMemoryException' was thrown. Request path: /api/pagos/confirmar Stack: at Andina.Pagos.SesionPagoCache.Agregar(SesionPago s)
2026-09-18 14:03:01,Application,ASP.NET 4.0.30319.0,1309,Warning,WEB-PAGOS-01,Event code: 3005 Event message: An unhandled exception has occurred. Exception type: OutOfMemoryException Exception message: Exception of type 'System.OutOfMemoryException' was thrown. Request path: /api/pagos/confirmar Stack: at Andina.Pagos.SesionPagoCache.Agregar(SesionPago s)
2026-09-18 14:04:14,Application,ASP.NET 4.0.30319.0,1309,Warning,WEB-PAGOS-01,Event code: 3005 Event message: An unhandled exception has occurred. Exception type: OutOfMemoryException Exception message: Exception of type 'System.OutOfMemoryException' was thrown. Request path: /api/pagos/confirmar Stack: at Andina.Pagos.SesionPagoCache.Agregar(SesionPago s)
2026-09-18 14:05:39,Application,ASP.NET 4.0.30319.0,1309,Warning,WEB-PAGOS-01,Event code: 3005 Event message: An unhandled exception has occurred. Exception type: OutOfMemoryException Exception message: Exception of type 'System.OutOfMemoryException' was thrown. Request path: /api/pagos/confirmar Stack: at Andina.Pagos.SesionPagoCache.Agregar(SesionPago s)
2026-09-18 14:11:20,Application,ASP.NET 4.0.30319.0,1309,Warning,WEB-PAGOS-01,Event code: 3005 Event message: An unhandled exception has occurred. Exception type: OutOfMemoryException Exception message: Exception of type 'System.OutOfMemoryException' was thrown. Request path: /api/pagos/confirmar Stack: at Andina.Pagos.SesionPagoCache.Agregar(SesionPago s)
2026-09-18 14:12:04,Application,ASP.NET 4.0.30319.0,1309,Warning,WEB-PAGOS-01,Event code: 3005 Event message: An unhandled exception has occurred. Exception type: OutOfMemoryException Exception message: Exception of type 'System.OutOfMemoryException' was thrown. Request path: /api/pagos/confirmar Stack: at Andina.Pagos.SesionPagoCache.Agregar(SesionPago s)
2026-09-18 14:12:53,Application,ASP.NET 4.0.30319.0,1309,Warning,WEB-PAGOS-01,Event code: 3005 Event message: An unhandled exception has occurred. Exception type: OutOfMemoryException Exception message: Exception of type 'System.OutOfMemoryException' was thrown. Request path: /api/pagos/confirmar Stack: at Andina.Pagos.SesionPagoCache.Agregar(SesionPago s)
2026-09-18 14:15:47,Application,ASP.NET 4.0.30319.0,1309,Warning,WEB-PAGOS-01,Event code: 3005 Event message: An unhandled exception has occurred. Exception type: OutOfMemoryException Exception message: Exception of type 'System.OutOfMemoryException' was thrown. Request path: /api/pagos/confirmar Stack: at Andina.Pagos.SesionPagoCache.Agregar(SesionPago s)
2026-09-18 14:16:08,Application,ASP.NET 4.0.30319.0,1309,Warning,WEB-PAGOS-01,Event code: 3005 Event message: An unhandled exception has occurred. Exception type: OutOfMemoryException Exception message: Exception of type 'System.OutOfMemoryException' was thrown. Request path: /api/pagos/confirmar Stack: at Andina.Pagos.SesionPagoCache.Agregar(SesionPago s)
2026-09-18 14:17:51,Application,ASP.NET 4.0.30319.0,1309,Warning,WEB-PAGOS-01,Event code: 3005 Event message: An unhandled exception has occurred. Exception type: OutOfMemoryException Exception message: Exception of type 'System.OutOfMemoryException' was thrown. Request path: /api/pagos/confirmar Stack: at Andina.Pagos.SesionPagoCache.Agregar(SesionPago s)
2026-09-18 14:20:55,Application,ASP.NET 4.0.30319.0,1309,Warning,WEB-PAGOS-01,Event code: 3005 Event message: An unhandled exception has occurred. Exception type: OutOfMemoryException Exception message: Exception of type 'System.OutOfMemoryException' was thrown. Request path: /api/pagos/confirmar Stack: at Andina.Pagos.SesionPagoCache.Agregar(SesionPago s)
2026-09-18 14:21:54,Application,ASP.NET 4.0.30319.0,1309,Warning,WEB-PAGOS-01,Event code: 3005 Event message: An unhandled exception has occurred. Exception type: OutOfMemoryException Exception message: Exception of type 'System.OutOfMemoryException' was thrown. Request path: /api/pagos/confirmar Stack: at Andina.Pagos.SesionPagoCache.Agregar(SesionPago s)
2026-09-18 14:22:12,Application,.NET Runtime,1026,Error,WEB-PAGOS-01,Application: w3wp.exe Framework Version: v4.0.30319 Description: The process was terminated due to an unhandled exception. Exception Info: System.OutOfMemoryException at Andina.Pagos.SesionPagoCache.Agregar(Andina.Pagos.SesionPago)
2026-09-18 14:22:13,Application,Application Error,1000,Error,WEB-PAGOS-01,"Faulting application name: w3wp.exe, version: 10.0.20348.1, Faulting module name: KERNELBASE.dll, Exception code: 0xe0434352, Faulting process id: 0x1177"
2026-09-18 14:22:18,Application,Windows Error Reporting,1001,Information,WEB-PAGOS-01,"Fault bucket , type 0 Event Name: APPCRASH Attached files: C:\CrashDumps\w3wp.exe.4471.dmp"
2026-09-18 14:22:19,System,Microsoft-Windows-WAS,5011,Warning,WEB-PAGOS-01,A process serving application pool 'PortalPagosPool' suffered a fatal communication error with the Windows Process Activation Service. The process id was '4471'. The data field contains the error number.
2026-09-18 14:33:58,System,Microsoft-Windows-DistributedCOM,10016,Warning,WEB-PAGOS-01,The application-specific permission settings do not grant Local Activation permission for the COM Server application with CLSID {2593F8B9-4EAF-457C-B68A-50F6B8EA6B54} to the user NT AUTHORITY\LOCAL SERVICE SID (S-1-5-19).
2026-09-18 14:34:40,Application,.NET Runtime,1026,Error,WEB-PAGOS-01,Application: w3wp.exe Framework Version: v4.0.30319 Description: The process was terminated due to an unhandled exception. Exception Info: System.OutOfMemoryException at Andina.Pagos.SesionPagoCache.Agregar(Andina.Pagos.SesionPago)
2026-09-18 14:34:41,Application,Application Error,1000,Error,WEB-PAGOS-01,"Faulting application name: w3wp.exe, version: 10.0.20348.1, Faulting module name: KERNELBASE.dll, Exception code: 0xe0434352, Faulting process id: 0x1cc4"
2026-09-18 14:34:46,Application,Windows Error Reporting,1001,Information,WEB-PAGOS-01,"Fault bucket , type 0 Event Name: APPCRASH Attached files: C:\CrashDumps\w3wp.exe.7364.dmp"
2026-09-18 14:34:47,System,Microsoft-Windows-WAS,5011,Warning,WEB-PAGOS-01,A process serving application pool 'PortalPagosPool' suffered a fatal communication error with the Windows Process Activation Service. The process id was '7364'. The data field contains the error number.
2026-09-18 14:35:55,Application,.NET Runtime,1026,Error,WEB-PAGOS-01,Application: w3wp.exe Framework Version: v4.0.30319 Description: The process was terminated due to an unhandled exception. Exception Info: System.OutOfMemoryException at Andina.Pagos.SesionPagoCache.Agregar(Andina.Pagos.SesionPago)
2026-09-18 14:35:56,Application,Application Error,1000,Error,WEB-PAGOS-01,"Faulting application name: w3wp.exe, version: 10.0.20348.1, Faulting module name: KERNELBASE.dll, Exception code: 0xe0434352, Faulting process id: 0x1be2"
2026-09-18 14:36:01,Application,Windows Error Reporting,1001,Information,WEB-PAGOS-01,"Fault bucket , type 0 Event Name: APPCRASH Attached files: C:\CrashDumps\w3wp.exe.7138.dmp"
2026-09-18 14:36:02,System,Microsoft-Windows-WAS,5011,Warning,WEB-PAGOS-01,A process serving application pool 'PortalPagosPool' suffered a fatal communication error with the Windows Process Activation Service. The process id was '7138'. The data field contains the error number.
2026-09-18 14:36:58,Application,.NET Runtime,1026,Error,WEB-PAGOS-01,Application: w3wp.exe Framework Version: v4.0.30319 Description: The process was terminated due to an unhandled exception. Exception Info: System.OutOfMemoryException at Andina.Pagos.SesionPagoCache.Agregar(Andina.Pagos.SesionPago)
2026-09-18 14:36:59,Application,Application Error,1000,Error,WEB-PAGOS-01,"Faulting application name: w3wp.exe, version: 10.0.20348.1, Faulting module name: KERNELBASE.dll, Exception code: 0xe0434352, Faulting process id: 0x1647"
2026-09-18 14:37:04,Application,Windows Error Reporting,1001,Information,WEB-PAGOS-01,"Fault bucket , type 0 Event Name: APPCRASH Attached files: C:\CrashDumps\w3wp.exe.5703.dmp"
2026-09-18 14:37:05,System,Microsoft-Windows-WAS,5011,Warning,WEB-PAGOS-01,A process serving application pool 'PortalPagosPool' suffered a fatal communication error with the Windows Process Activation Service. The process id was '5703'. The data field contains the error number.
2026-09-18 14:38:03,Application,.NET Runtime,1026,Error,WEB-PAGOS-01,Application: w3wp.exe Framework Version: v4.0.30319 Description: The process was terminated due to an unhandled exception. Exception Info: System.OutOfMemoryException at Andina.Pagos.SesionPagoCache.Agregar(Andina.Pagos.SesionPago)
2026-09-18 14:38:04,Application,Application Error,1000,Error,WEB-PAGOS-01,"Faulting application name: w3wp.exe, version: 10.0.20348.1, Faulting module name: KERNELBASE.dll, Exception code: 0xe0434352, Faulting process id: 0xdcd"
2026-09-18 14:38:05,System,Microsoft-Windows-WAS,5002,Error,WEB-PAGOS-01,Application pool 'PortalPagosPool' is being automatically disabled due to a series of failures in the process(es) serving that application pool.
2026-09-18 14:38:09,Application,Windows Error Reporting,1001,Information,WEB-PAGOS-01,"Fault bucket , type 0 Event Name: APPCRASH Attached files: C:\CrashDumps\w3wp.exe.3533.dmp"
2026-09-18 14:38:10,System,Microsoft-Windows-WAS,5011,Warning,WEB-PAGOS-01,A process serving application pool 'PortalPagosPool' suffered a fatal communication error with the Windows Process Activation Service. The process id was '3533'. The data field contains the error number.
2026-09-18 15:17:01,System,Microsoft-Windows-DistributedCOM,10016,Warning,WEB-PAGOS-01,The application-specific permission settings do not grant Local Activation permission for the COM Server application with CLSID {2593F8B9-4EAF-457C-B68A-50F6B8EA6B54} to the user NT AUTHORITY\LOCAL SERVICE SID (S-1-5-19).
2026-09-18 15:22:23,System,Microsoft-Windows-DistributedCOM,10016,Warning,WEB-PAGOS-01,The application-specific permission settings do not grant Local Activation permission for the COM Server application with CLSID {2593F8B9-4EAF-457C-B68A-50F6B8EA6B54} to the user NT AUTHORITY\LOCAL SERVICE SID (S-1-5-19).
2026-09-18 16:34:58,System,Schannel,36887,Error,WEB-PAGOS-01,A fatal alert was received from the remote endpoint. The TLS protocol defined fatal alert code is 46.
2026-09-18 16:37:17,System,srv,2013,Warning,WEB-PAGOS-01,The C: disk is at or near capacity. You may need to delete some files.
2026-09-18 16:51:56,System,Schannel,36887,Error,WEB-PAGOS-01,A fatal alert was received from the remote endpoint. The TLS protocol defined fatal alert code is 46.
2026-09-18 16:52:10,System,Microsoft-Windows-DistributedCOM,10016,Warning,WEB-PAGOS-01,The application-specific permission settings do not grant Local Activation permission for the COM Server application with CLSID {2593F8B9-4EAF-457C-B68A-50F6B8EA6B54} to the user NT AUTHORITY\LOCAL SERVICE SID (S-1-5-19).
2026-09-18 17:04:56,System,Schannel,36887,Error,WEB-PAGOS-01,A fatal alert was received from the remote endpoint. The TLS protocol defined fatal alert code is 46.
2026-09-18 17:38:46,System,Microsoft-Windows-DistributedCOM,10016,Warning,WEB-PAGOS-01,The application-specific permission settings do not grant Local Activation permission for the COM Server application with CLSID {2593F8B9-4EAF-457C-B68A-50F6B8EA6B54} to the user NT AUTHORITY\LOCAL SERVICE SID (S-1-5-19).
2026-09-18 17:41:45,System,Microsoft-Windows-DistributedCOM,10016,Warning,WEB-PAGOS-01,The application-specific permission settings do not grant Local Activation permission for the COM Server application with CLSID {2593F8B9-4EAF-457C-B68A-50F6B8EA6B54} to the user NT AUTHORITY\LOCAL SERVICE SID (S-1-5-19).
2026-09-18 17:43:39,System,Microsoft-Windows-DistributedCOM,10016,Warning,WEB-PAGOS-01,The application-specific permission settings do not grant Local Activation permission for the COM Server application with CLSID {2593F8B9-4EAF-457C-B68A-50F6B8EA6B54} to the user NT AUTHORITY\LOCAL SERVICE SID (S-1-5-19).
2026-09-18 18:20:49,System,Microsoft-Windows-DistributedCOM,10016,Warning,WEB-PAGOS-01,The application-specific permission settings do not grant Local Activation permission for the COM Server application with CLSID {2593F8B9-4EAF-457C-B68A-50F6B8EA6B54} to the user NT AUTHORITY\LOCAL SERVICE SID (S-1-5-19).
2026-09-18 18:48:39,System,Microsoft-Windows-DistributedCOM,10016,Warning,WEB-PAGOS-01,The application-specific permission settings do not grant Local Activation permission for the COM Server application with CLSID {2593F8B9-4EAF-457C-B68A-50F6B8EA6B54} to the user NT AUTHORITY\LOCAL SERVICE SID (S-1-5-19).
2026-09-18 19:03:06,System,Microsoft-Windows-DistributedCOM,10016,Warning,WEB-PAGOS-01,The application-specific permission settings do not grant Local Activation permission for the COM Server application with CLSID {2593F8B9-4EAF-457C-B68A-50F6B8EA6B54} to the user NT AUTHORITY\LOCAL SERVICE SID (S-1-5-19).
2026-09-18 19:11:04,System,Microsoft-Windows-DistributedCOM,10016,Warning,WEB-PAGOS-01,The application-specific permission settings do not grant Local Activation permission for the COM Server application with CLSID {2593F8B9-4EAF-457C-B68A-50F6B8EA6B54} to the user NT AUTHORITY\LOCAL SERVICE SID (S-1-5-19).
2026-09-18 19:32:11,System,Service Control Manager,7036,Information,WEB-PAGOS-01,The Windows Modules Installer service entered the running state.
2026-09-18 20:21:26,System,Service Control Manager,7036,Information,WEB-PAGOS-01,The WinHTTP Web Proxy Auto-Discovery Service service entered the stopped state.
2026-09-18 20:39:53,System,Microsoft-Windows-DistributedCOM,10016,Warning,WEB-PAGOS-01,The application-specific permission settings do not grant Local Activation permission for the COM Server application with CLSID {2593F8B9-4EAF-457C-B68A-50F6B8EA6B54} to the user NT AUTHORITY\LOCAL SERVICE SID (S-1-5-19).
2026-09-18 21:20:24,System,Microsoft-Windows-DistributedCOM,10016,Warning,WEB-PAGOS-01,The application-specific permission settings do not grant Local Activation permission for the COM Server application with CLSID {2593F8B9-4EAF-457C-B68A-50F6B8EA6B54} to the user NT AUTHORITY\LOCAL SERVICE SID (S-1-5-19).
2026-09-18 21:21:38,System,Microsoft-Windows-DistributedCOM,10016,Warning,WEB-PAGOS-01,The application-specific permission settings do not grant Local Activation permission for the COM Server application with CLSID {2593F8B9-4EAF-457C-B68A-50F6B8EA6B54} to the user NT AUTHORITY\LOCAL SERVICE SID (S-1-5-19).
2026-09-18 21:47:53,System,Microsoft-Windows-DistributedCOM,10016,Warning,WEB-PAGOS-01,The application-specific permission settings do not grant Local Activation permission for the COM Server application with CLSID {2593F8B9-4EAF-457C-B68A-50F6B8EA6B54} to the user NT AUTHORITY\LOCAL SERVICE SID (S-1-5-19).
2026-09-18 21:57:21,System,Service Control Manager,7036,Information,WEB-PAGOS-01,The WinHTTP Web Proxy Auto-Discovery Service service entered the stopped state.
2026-09-18 22:39:10,System,Microsoft-Windows-DistributedCOM,10016,Warning,WEB-PAGOS-01,The application-specific permission settings do not grant Local Activation permission for the COM Server application with CLSID {2593F8B9-4EAF-457C-B68A-50F6B8EA6B54} to the user NT AUTHORITY\LOCAL SERVICE SID (S-1-5-19).
2026-09-18 23:00:30,System,Microsoft-Windows-DistributedCOM,10016,Warning,WEB-PAGOS-01,The application-specific permission settings do not grant Local Activation permission for the COM Server application with CLSID {2593F8B9-4EAF-457C-B68A-50F6B8EA6B54} to the user NT AUTHORITY\LOCAL SERVICE SID (S-1-5-19).
2026-09-18 23:03:05,System,Microsoft-Windows-DistributedCOM,10016,Warning,WEB-PAGOS-01,The application-specific permission settings do not grant Local Activation permission for the COM Server application with CLSID {2593F8B9-4EAF-457C-B68A-50F6B8EA6B54} to the user NT AUTHORITY\LOCAL SERVICE SID (S-1-5-19).
2026-09-18 23:03:55,System,Microsoft-Windows-DistributedCOM,10016,Warning,WEB-PAGOS-01,The application-specific permission settings do not grant Local Activation permission for the COM Server application with CLSID {2593F8B9-4EAF-457C-B68A-50F6B8EA6B54} to the user NT AUTHORITY\LOCAL SERVICE SID (S-1-5-19).
2026-09-18 23:07:58,System,Service Control Manager,7036,Information,WEB-PAGOS-01,The Servicio Notificaciones service entered the running state.
2026-09-18 23:27:54,System,Schannel,36887,Error,WEB-PAGOS-01,A fatal alert was received from the remote endpoint. The TLS protocol defined fatal alert code is 46.
2026-09-18 23:43:23,System,Service Control Manager,7036,Information,WEB-PAGOS-01,The Servicio Notificaciones service entered the running state.
2026-09-19 00:53:38,System,Service Control Manager,7036,Information,WEB-PAGOS-01,The WinHTTP Web Proxy Auto-Discovery Service service entered the stopped state.
2026-09-19 01:18:27,System,Microsoft-Windows-DistributedCOM,10016,Warning,WEB-PAGOS-01,The application-specific permission settings do not grant Local Activation permission for the COM Server application with CLSID {2593F8B9-4EAF-457C-B68A-50F6B8EA6B54} to the user NT AUTHORITY\LOCAL SERVICE SID (S-1-5-19).
2026-09-19 01:23:42,System,Service Control Manager,7036,Information,WEB-PAGOS-01,The Windows Modules Installer service entered the running state.
2026-09-19 02:00:01,System,Microsoft-Windows-IIS-IISReset,3201,Information,WEB-PAGOS-01,IIS stop command received from user ANDINA\svc_mantenimiento. The logged data is the status code.
2026-09-19 02:00:15,System,Microsoft-Windows-IIS-IISReset,3202,Information,WEB-PAGOS-01,IIS start command received from user ANDINA\svc_mantenimiento. The logged data is the status code.
2026-09-19 02:00:41,Microsoft-Windows-TaskScheduler/Operational,Microsoft-Windows-TaskScheduler,201,Information,WEB-PAGOS-01,"Task Scheduler successfully completed task ""\Mantenimiento\MantenimientoDiarioIIS"" , instance ""{...}"" , action ""C:\Windows\SYSTEM32\cmd.exe"" with return code 0."
2026-09-19 02:02:47,System,Service Control Manager,7036,Information,WEB-PAGOS-01,The WinHTTP Web Proxy Auto-Discovery Service service entered the stopped state.
2026-09-19 03:46:43,System,Microsoft-Windows-DistributedCOM,10016,Warning,WEB-PAGOS-01,The application-specific permission settings do not grant Local Activation permission for the COM Server application with CLSID {2593F8B9-4EAF-457C-B68A-50F6B8EA6B54} to the user NT AUTHORITY\LOCAL SERVICE SID (S-1-5-19).
2026-09-19 04:07:45,System,Microsoft-Windows-DistributedCOM,10016,Warning,WEB-PAGOS-01,The application-specific permission settings do not grant Local Activation permission for the COM Server application with CLSID {2593F8B9-4EAF-457C-B68A-50F6B8EA6B54} to the user NT AUTHORITY\LOCAL SERVICE SID (S-1-5-19).
2026-09-19 04:32:23,System,Microsoft-Windows-DistributedCOM,10016,Warning,WEB-PAGOS-01,The application-specific permission settings do not grant Local Activation permission for the COM Server application with CLSID {2593F8B9-4EAF-457C-B68A-50F6B8EA6B54} to the user NT AUTHORITY\LOCAL SERVICE SID (S-1-5-19).
2026-09-19 04:37:02,System,Service Control Manager,7036,Information,WEB-PAGOS-01,The WinHTTP Web Proxy Auto-Discovery Service service entered the stopped state.
2026-09-19 05:45:46,System,Schannel,36887,Error,WEB-PAGOS-01,A fatal alert was received from the remote endpoint. The TLS protocol defined fatal alert code is 46.
2026-09-19 05:45:53,System,Schannel,36887,Error,WEB-PAGOS-01,A fatal alert was received from the remote endpoint. The TLS protocol defined fatal alert code is 46.
2026-09-19 05:57:56,System,Microsoft-Windows-DistributedCOM,10016,Warning,WEB-PAGOS-01,The application-specific permission settings do not grant Local Activation permission for the COM Server application with CLSID {2593F8B9-4EAF-457C-B68A-50F6B8EA6B54} to the user NT AUTHORITY\LOCAL SERVICE SID (S-1-5-19).
2026-09-19 06:27:34,System,Microsoft-Windows-DistributedCOM,10016,Warning,WEB-PAGOS-01,The application-specific permission settings do not grant Local Activation permission for the COM Server application with CLSID {2593F8B9-4EAF-457C-B68A-50F6B8EA6B54} to the user NT AUTHORITY\LOCAL SERVICE SID (S-1-5-19).
2026-09-19 06:36:49,System,Service Control Manager,7036,Information,WEB-PAGOS-01,The WinHTTP Web Proxy Auto-Discovery Service service entered the stopped state.
2026-09-19 06:45:18,System,Service Control Manager,7036,Information,WEB-PAGOS-01,The WinHTTP Web Proxy Auto-Discovery Service service entered the stopped state.
2026-09-19 07:29:33,System,Schannel,36887,Error,WEB-PAGOS-01,A fatal alert was received from the remote endpoint. The TLS protocol defined fatal alert code is 46.
2026-09-19 09:00:33,System,Schannel,36887,Error,WEB-PAGOS-01,A fatal alert was received from the remote endpoint. The TLS protocol defined fatal alert code is 46.
2026-09-19 09:36:33,System,Service Control Manager,7036,Information,WEB-PAGOS-01,The WinHTTP Web Proxy Auto-Discovery Service service entered the stopped state.
2026-09-19 11:03:26,System,Schannel,36887,Error,WEB-PAGOS-01,A fatal alert was received from the remote endpoint. The TLS protocol defined fatal alert code is 46.
2026-09-19 11:22:06,System,Microsoft-Windows-DistributedCOM,10016,Warning,WEB-PAGOS-01,The application-specific permission settings do not grant Local Activation permission for the COM Server application with CLSID {2593F8B9-4EAF-457C-B68A-50F6B8EA6B54} to the user NT AUTHORITY\LOCAL SERVICE SID (S-1-5-19).
2026-09-19 11:54:26,System,Microsoft-Windows-DistributedCOM,10016,Warning,WEB-PAGOS-01,The application-specific permission settings do not grant Local Activation permission for the COM Server application with CLSID {2593F8B9-4EAF-457C-B68A-50F6B8EA6B54} to the user NT AUTHORITY\LOCAL SERVICE SID (S-1-5-19).
2026-09-19 12:00:38,System,Microsoft-Windows-DistributedCOM,10016,Warning,WEB-PAGOS-01,The application-specific permission settings do not grant Local Activation permission for the COM Server application with CLSID {2593F8B9-4EAF-457C-B68A-50F6B8EA6B54} to the user NT AUTHORITY\LOCAL SERVICE SID (S-1-5-19).
2026-09-19 12:07:32,System,Schannel,36887,Error,WEB-PAGOS-01,A fatal alert was received from the remote endpoint. The TLS protocol defined fatal alert code is 46.
2026-09-19 12:14:50,System,Microsoft-Windows-DistributedCOM,10016,Warning,WEB-PAGOS-01,The application-specific permission settings do not grant Local Activation permission for the COM Server application with CLSID {2593F8B9-4EAF-457C-B68A-50F6B8EA6B54} to the user NT AUTHORITY\LOCAL SERVICE SID (S-1-5-19).
2026-09-19 12:33:27,System,Microsoft-Windows-DistributedCOM,10016,Warning,WEB-PAGOS-01,The application-specific permission settings do not grant Local Activation permission for the COM Server application with CLSID {2593F8B9-4EAF-457C-B68A-50F6B8EA6B54} to the user NT AUTHORITY\LOCAL SERVICE SID (S-1-5-19).
2026-09-19 12:40:04,System,Microsoft-Windows-DistributedCOM,10016,Warning,WEB-PAGOS-01,The application-specific permission settings do not grant Local Activation permission for the COM Server application with CLSID {2593F8B9-4EAF-457C-B68A-50F6B8EA6B54} to the user NT AUTHORITY\LOCAL SERVICE SID (S-1-5-19).
2026-09-19 12:52:34,System,Microsoft-Windows-DistributedCOM,10016,Warning,WEB-PAGOS-01,The application-specific permission settings do not grant Local Activation permission for the COM Server application with CLSID {2593F8B9-4EAF-457C-B68A-50F6B8EA6B54} to the user NT AUTHORITY\LOCAL SERVICE SID (S-1-5-19).
2026-09-19 14:07:23,System,Service Control Manager,7036,Information,WEB-PAGOS-01,The WinHTTP Web Proxy Auto-Discovery Service service entered the stopped state.
2026-09-19 14:35:23,System,Service Control Manager,7036,Information,WEB-PAGOS-01,The Windows Modules Installer service entered the running state.
2026-09-19 14:42:15,System,Microsoft-Windows-DistributedCOM,10016,Warning,WEB-PAGOS-01,The application-specific permission settings do not grant Local Activation permission for the COM Server application with CLSID {2593F8B9-4EAF-457C-B68A-50F6B8EA6B54} to the user NT AUTHORITY\LOCAL SERVICE SID (S-1-5-19).
2026-09-19 15:07:18,System,Schannel,36887,Error,WEB-PAGOS-01,A fatal alert was received from the remote endpoint. The TLS protocol defined fatal alert code is 46.
2026-09-19 15:10:16,System,Microsoft-Windows-DistributedCOM,10016,Warning,WEB-PAGOS-01,The application-specific permission settings do not grant Local Activation permission for the COM Server application with CLSID {2593F8B9-4EAF-457C-B68A-50F6B8EA6B54} to the user NT AUTHORITY\LOCAL SERVICE SID (S-1-5-19).
2026-09-19 16:26:46,System,Microsoft-Windows-DistributedCOM,10016,Warning,WEB-PAGOS-01,The application-specific permission settings do not grant Local Activation permission for the COM Server application with CLSID {2593F8B9-4EAF-457C-B68A-50F6B8EA6B54} to the user NT AUTHORITY\LOCAL SERVICE SID (S-1-5-19).
2026-09-19 16:43:49,System,Microsoft-Windows-DistributedCOM,10016,Warning,WEB-PAGOS-01,The application-specific permission settings do not grant Local Activation permission for the COM Server application with CLSID {2593F8B9-4EAF-457C-B68A-50F6B8EA6B54} to the user NT AUTHORITY\LOCAL SERVICE SID (S-1-5-19).
2026-09-19 16:52:27,System,Microsoft-Windows-DistributedCOM,10016,Warning,WEB-PAGOS-01,The application-specific permission settings do not grant Local Activation permission for the COM Server application with CLSID {2593F8B9-4EAF-457C-B68A-50F6B8EA6B54} to the user NT AUTHORITY\LOCAL SERVICE SID (S-1-5-19).
2026-09-19 17:02:22,System,Microsoft-Windows-DistributedCOM,10016,Warning,WEB-PAGOS-01,The application-specific permission settings do not grant Local Activation permission for the COM Server application with CLSID {2593F8B9-4EAF-457C-B68A-50F6B8EA6B54} to the user NT AUTHORITY\LOCAL SERVICE SID (S-1-5-19).
2026-09-19 17:53:20,System,Service Control Manager,7036,Information,WEB-PAGOS-01,The Servicio Notificaciones service entered the running state.
2026-09-19 17:59:04,System,Service Control Manager,7036,Information,WEB-PAGOS-01,The WinHTTP Web Proxy Auto-Discovery Service service entered the stopped state.
2026-09-19 19:06:01,System,Service Control Manager,7036,Information,WEB-PAGOS-01,The Servicio Notificaciones service entered the running state.
2026-09-19 19:21:51,System,Microsoft-Windows-DistributedCOM,10016,Warning,WEB-PAGOS-01,The application-specific permission settings do not grant Local Activation permission for the COM Server application with CLSID {2593F8B9-4EAF-457C-B68A-50F6B8EA6B54} to the user NT AUTHORITY\LOCAL SERVICE SID (S-1-5-19).
2026-09-19 19:23:06,System,Microsoft-Windows-DistributedCOM,10016,Warning,WEB-PAGOS-01,The application-specific permission settings do not grant Local Activation permission for the COM Server application with CLSID {2593F8B9-4EAF-457C-B68A-50F6B8EA6B54} to the user NT AUTHORITY\LOCAL SERVICE SID (S-1-5-19).
2026-09-19 20:29:42,System,Microsoft-Windows-DistributedCOM,10016,Warning,WEB-PAGOS-01,The application-specific permission settings do not grant Local Activation permission for the COM Server application with CLSID {2593F8B9-4EAF-457C-B68A-50F6B8EA6B54} to the user NT AUTHORITY\LOCAL SERVICE SID (S-1-5-19).
2026-09-19 20:33:16,System,Microsoft-Windows-DistributedCOM,10016,Warning,WEB-PAGOS-01,The application-specific permission settings do not grant Local Activation permission for the COM Server application with CLSID {2593F8B9-4EAF-457C-B68A-50F6B8EA6B54} to the user NT AUTHORITY\LOCAL SERVICE SID (S-1-5-19).
2026-09-19 20:40:54,System,Service Control Manager,7036,Information,WEB-PAGOS-01,The WinHTTP Web Proxy Auto-Discovery Service service entered the stopped state.
2026-09-19 21:12:37,System,Microsoft-Windows-DistributedCOM,10016,Warning,WEB-PAGOS-01,The application-specific permission settings do not grant Local Activation permission for the COM Server application with CLSID {2593F8B9-4EAF-457C-B68A-50F6B8EA6B54} to the user NT AUTHORITY\LOCAL SERVICE SID (S-1-5-19).
2026-09-19 21:16:37,System,Service Control Manager,7036,Information,WEB-PAGOS-01,The WinHTTP Web Proxy Auto-Discovery Service service entered the stopped state.
2026-09-19 21:16:55,System,Microsoft-Windows-DistributedCOM,10016,Warning,WEB-PAGOS-01,The application-specific permission settings do not grant Local Activation permission for the COM Server application with CLSID {2593F8B9-4EAF-457C-B68A-50F6B8EA6B54} to the user NT AUTHORITY\LOCAL SERVICE SID (S-1-5-19).
2026-09-19 21:38:31,System,Service Control Manager,7036,Information,WEB-PAGOS-01,The Servicio Notificaciones service entered the running state.
2026-09-19 22:38:02,System,Service Control Manager,7036,Information,WEB-PAGOS-01,The Windows Modules Installer service entered the running state.
2026-09-19 22:49:05,System,Microsoft-Windows-DistributedCOM,10016,Warning,WEB-PAGOS-01,The application-specific permission settings do not grant Local Activation permission for the COM Server application with CLSID {2593F8B9-4EAF-457C-B68A-50F6B8EA6B54} to the user NT AUTHORITY\LOCAL SERVICE SID (S-1-5-19).
2026-09-19 23:18:07,System,Microsoft-Windows-DistributedCOM,10016,Warning,WEB-PAGOS-01,The application-specific permission settings do not grant Local Activation permission for the COM Server application with CLSID {2593F8B9-4EAF-457C-B68A-50F6B8EA6B54} to the user NT AUTHORITY\LOCAL SERVICE SID (S-1-5-19).
2026-09-20 00:28:22,System,Service Control Manager,7036,Information,WEB-PAGOS-01,The Servicio Notificaciones service entered the running state.
2026-09-20 00:31:39,System,Service Control Manager,7036,Information,WEB-PAGOS-01,The Windows Modules Installer service entered the running state.
2026-09-20 00:37:21,System,Microsoft-Windows-DistributedCOM,10016,Warning,WEB-PAGOS-01,The application-specific permission settings do not grant Local Activation permission for the COM Server application with CLSID {2593F8B9-4EAF-457C-B68A-50F6B8EA6B54} to the user NT AUTHORITY\LOCAL SERVICE SID (S-1-5-19).
2026-09-20 02:00:01,System,Microsoft-Windows-IIS-IISReset,3201,Information,WEB-PAGOS-01,IIS stop command received from user ANDINA\svc_mantenimiento. The logged data is the status code.
2026-09-20 02:00:15,System,Microsoft-Windows-IIS-IISReset,3202,Information,WEB-PAGOS-01,IIS start command received from user ANDINA\svc_mantenimiento. The logged data is the status code.
2026-09-20 02:00:41,Microsoft-Windows-TaskScheduler/Operational,Microsoft-Windows-TaskScheduler,201,Information,WEB-PAGOS-01,"Task Scheduler successfully completed task ""\Mantenimiento\MantenimientoDiarioIIS"" , instance ""{...}"" , action ""C:\Windows\SYSTEM32\cmd.exe"" with return code 0."
2026-09-20 02:10:20,System,Microsoft-Windows-DistributedCOM,10016,Warning,WEB-PAGOS-01,The application-specific permission settings do not grant Local Activation permission for the COM Server application with CLSID {2593F8B9-4EAF-457C-B68A-50F6B8EA6B54} to the user NT AUTHORITY\LOCAL SERVICE SID (S-1-5-19).
2026-09-20 02:36:18,System,Service Control Manager,7036,Information,WEB-PAGOS-01,The Servicio Notificaciones service entered the running state.
2026-09-20 02:40:18,System,Microsoft-Windows-DistributedCOM,10016,Warning,WEB-PAGOS-01,The application-specific permission settings do not grant Local Activation permission for the COM Server application with CLSID {2593F8B9-4EAF-457C-B68A-50F6B8EA6B54} to the user NT AUTHORITY\LOCAL SERVICE SID (S-1-5-19).
2026-09-20 02:45:35,System,Schannel,36887,Error,WEB-PAGOS-01,A fatal alert was received from the remote endpoint. The TLS protocol defined fatal alert code is 46.
2026-09-20 02:54:56,System,Service Control Manager,7036,Information,WEB-PAGOS-01,The Windows Modules Installer service entered the running state.
2026-09-20 03:07:23,System,Schannel,36887,Error,WEB-PAGOS-01,A fatal alert was received from the remote endpoint. The TLS protocol defined fatal alert code is 46.
2026-09-20 05:11:33,System,Service Control Manager,7036,Information,WEB-PAGOS-01,The Servicio Notificaciones service entered the running state.
2026-09-20 06:45:42,System,Microsoft-Windows-DistributedCOM,10016,Warning,WEB-PAGOS-01,The application-specific permission settings do not grant Local Activation permission for the COM Server application with CLSID {2593F8B9-4EAF-457C-B68A-50F6B8EA6B54} to the user NT AUTHORITY\LOCAL SERVICE SID (S-1-5-19).
2026-09-20 07:09:28,System,Microsoft-Windows-DistributedCOM,10016,Warning,WEB-PAGOS-01,The application-specific permission settings do not grant Local Activation permission for the COM Server application with CLSID {2593F8B9-4EAF-457C-B68A-50F6B8EA6B54} to the user NT AUTHORITY\LOCAL SERVICE SID (S-1-5-19).
2026-09-20 07:12:48,System,Microsoft-Windows-DistributedCOM,10016,Warning,WEB-PAGOS-01,The application-specific permission settings do not grant Local Activation permission for the COM Server application with CLSID {2593F8B9-4EAF-457C-B68A-50F6B8EA6B54} to the user NT AUTHORITY\LOCAL SERVICE SID (S-1-5-19).
2026-09-20 08:10:10,System,Service Control Manager,7036,Information,WEB-PAGOS-01,The Servicio Notificaciones service entered the running state.
2026-09-20 08:12:24,System,Microsoft-Windows-DistributedCOM,10016,Warning,WEB-PAGOS-01,The application-specific permission settings do not grant Local Activation permission for the COM Server application with CLSID {2593F8B9-4EAF-457C-B68A-50F6B8EA6B54} to the user NT AUTHORITY\LOCAL SERVICE SID (S-1-5-19).
2026-09-20 09:12:06,System,Microsoft-Windows-DistributedCOM,10016,Warning,WEB-PAGOS-01,The application-specific permission settings do not grant Local Activation permission for the COM Server application with CLSID {2593F8B9-4EAF-457C-B68A-50F6B8EA6B54} to the user NT AUTHORITY\LOCAL SERVICE SID (S-1-5-19).
2026-09-20 09:23:00,System,Microsoft-Windows-DistributedCOM,10016,Warning,WEB-PAGOS-01,The application-specific permission settings do not grant Local Activation permission for the COM Server application with CLSID {2593F8B9-4EAF-457C-B68A-50F6B8EA6B54} to the user NT AUTHORITY\LOCAL SERVICE SID (S-1-5-19).
2026-09-20 09:56:46,System,Microsoft-Windows-DistributedCOM,10016,Warning,WEB-PAGOS-01,The application-specific permission settings do not grant Local Activation permission for the COM Server application with CLSID {2593F8B9-4EAF-457C-B68A-50F6B8EA6B54} to the user NT AUTHORITY\LOCAL SERVICE SID (S-1-5-19).
2026-09-20 11:22:37,System,Microsoft-Windows-DistributedCOM,10016,Warning,WEB-PAGOS-01,The application-specific permission settings do not grant Local Activation permission for the COM Server application with CLSID {2593F8B9-4EAF-457C-B68A-50F6B8EA6B54} to the user NT AUTHORITY\LOCAL SERVICE SID (S-1-5-19).
2026-09-20 11:38:15,System,Microsoft-Windows-DistributedCOM,10016,Warning,WEB-PAGOS-01,The application-specific permission settings do not grant Local Activation permission for the COM Server application with CLSID {2593F8B9-4EAF-457C-B68A-50F6B8EA6B54} to the user NT AUTHORITY\LOCAL SERVICE SID (S-1-5-19).
2026-09-20 11:53:50,System,Microsoft-Windows-DistributedCOM,10016,Warning,WEB-PAGOS-01,The application-specific permission settings do not grant Local Activation permission for the COM Server application with CLSID {2593F8B9-4EAF-457C-B68A-50F6B8EA6B54} to the user NT AUTHORITY\LOCAL SERVICE SID (S-1-5-19).
2026-09-20 13:06:31,System,Microsoft-Windows-DistributedCOM,10016,Warning,WEB-PAGOS-01,The application-specific permission settings do not grant Local Activation permission for the COM Server application with CLSID {2593F8B9-4EAF-457C-B68A-50F6B8EA6B54} to the user NT AUTHORITY\LOCAL SERVICE SID (S-1-5-19).
2026-09-20 13:33:01,System,Service Control Manager,7036,Information,WEB-PAGOS-01,The Windows Modules Installer service entered the running state.
2026-09-20 13:46:34,System,Service Control Manager,7036,Information,WEB-PAGOS-01,The Windows Modules Installer service entered the running state.
2026-09-20 14:18:46,System,Microsoft-Windows-DistributedCOM,10016,Warning,WEB-PAGOS-01,The application-specific permission settings do not grant Local Activation permission for the COM Server application with CLSID {2593F8B9-4EAF-457C-B68A-50F6B8EA6B54} to the user NT AUTHORITY\LOCAL SERVICE SID (S-1-5-19).
2026-09-20 14:38:00,System,Microsoft-Windows-DistributedCOM,10016,Warning,WEB-PAGOS-01,The application-specific permission settings do not grant Local Activation permission for the COM Server application with CLSID {2593F8B9-4EAF-457C-B68A-50F6B8EA6B54} to the user NT AUTHORITY\LOCAL SERVICE SID (S-1-5-19).
2026-09-20 15:11:07,System,Microsoft-Windows-DistributedCOM,10016,Warning,WEB-PAGOS-01,The application-specific permission settings do not grant Local Activation permission for the COM Server application with CLSID {2593F8B9-4EAF-457C-B68A-50F6B8EA6B54} to the user NT AUTHORITY\LOCAL SERVICE SID (S-1-5-19).
2026-09-20 15:19:50,System,Service Control Manager,7036,Information,WEB-PAGOS-01,The WinHTTP Web Proxy Auto-Discovery Service service entered the stopped state.
2026-09-20 16:37:46,System,Service Control Manager,7036,Information,WEB-PAGOS-01,The Windows Modules Installer service entered the running state.
2026-09-20 16:40:09,System,Microsoft-Windows-DistributedCOM,10016,Warning,WEB-PAGOS-01,The application-specific permission settings do not grant Local Activation permission for the COM Server application with CLSID {2593F8B9-4EAF-457C-B68A-50F6B8EA6B54} to the user NT AUTHORITY\LOCAL SERVICE SID (S-1-5-19).
2026-09-20 17:10:24,System,Microsoft-Windows-DistributedCOM,10016,Warning,WEB-PAGOS-01,The application-specific permission settings do not grant Local Activation permission for the COM Server application with CLSID {2593F8B9-4EAF-457C-B68A-50F6B8EA6B54} to the user NT AUTHORITY\LOCAL SERVICE SID (S-1-5-19).
2026-09-20 17:47:43,System,Service Control Manager,7036,Information,WEB-PAGOS-01,The Windows Modules Installer service entered the running state.
2026-09-20 17:52:57,System,Microsoft-Windows-DistributedCOM,10016,Warning,WEB-PAGOS-01,The application-specific permission settings do not grant Local Activation permission for the COM Server application with CLSID {2593F8B9-4EAF-457C-B68A-50F6B8EA6B54} to the user NT AUTHORITY\LOCAL SERVICE SID (S-1-5-19).
2026-09-20 18:47:57,System,Service Control Manager,7036,Information,WEB-PAGOS-01,The WinHTTP Web Proxy Auto-Discovery Service service entered the stopped state.
2026-09-20 19:02:46,System,Microsoft-Windows-DistributedCOM,10016,Warning,WEB-PAGOS-01,The application-specific permission settings do not grant Local Activation permission for the COM Server application with CLSID {2593F8B9-4EAF-457C-B68A-50F6B8EA6B54} to the user NT AUTHORITY\LOCAL SERVICE SID (S-1-5-19).
2026-09-20 19:07:18,System,Microsoft-Windows-DistributedCOM,10016,Warning,WEB-PAGOS-01,The application-specific permission settings do not grant Local Activation permission for the COM Server application with CLSID {2593F8B9-4EAF-457C-B68A-50F6B8EA6B54} to the user NT AUTHORITY\LOCAL SERVICE SID (S-1-5-19).
2026-09-20 19:14:05,System,Service Control Manager,7036,Information,WEB-PAGOS-01,The Windows Modules Installer service entered the running state.
2026-09-20 19:29:26,System,Service Control Manager,7036,Information,WEB-PAGOS-01,The WinHTTP Web Proxy Auto-Discovery Service service entered the stopped state.
2026-09-20 20:34:48,System,Service Control Manager,7036,Information,WEB-PAGOS-01,The Servicio Notificaciones service entered the running state.
2026-09-20 20:57:45,System,Service Control Manager,7036,Information,WEB-PAGOS-01,The Windows Modules Installer service entered the running state.
2026-09-20 21:00:15,System,Service Control Manager,7036,Information,WEB-PAGOS-01,The Servicio Notificaciones service entered the running state.
2026-09-20 21:32:49,System,Microsoft-Windows-DistributedCOM,10016,Warning,WEB-PAGOS-01,The application-specific permission settings do not grant Local Activation permission for the COM Server application with CLSID {2593F8B9-4EAF-457C-B68A-50F6B8EA6B54} to the user NT AUTHORITY\LOCAL SERVICE SID (S-1-5-19).
2026-09-20 21:45:19,System,Microsoft-Windows-DistributedCOM,10016,Warning,WEB-PAGOS-01,The application-specific permission settings do not grant Local Activation permission for the COM Server application with CLSID {2593F8B9-4EAF-457C-B68A-50F6B8EA6B54} to the user NT AUTHORITY\LOCAL SERVICE SID (S-1-5-19).
2026-09-20 22:10:54,System,Microsoft-Windows-DistributedCOM,10016,Warning,WEB-PAGOS-01,The application-specific permission settings do not grant Local Activation permission for the COM Server application with CLSID {2593F8B9-4EAF-457C-B68A-50F6B8EA6B54} to the user NT AUTHORITY\LOCAL SERVICE SID (S-1-5-19).
2026-09-20 23:15:26,System,Schannel,36887,Error,WEB-PAGOS-01,A fatal alert was received from the remote endpoint. The TLS protocol defined fatal alert code is 46.
2026-09-20 23:32:59,System,Service Control Manager,7036,Information,WEB-PAGOS-01,The Servicio Notificaciones service entered the running state.
2026-09-20 23:40:52,System,Microsoft-Windows-DistributedCOM,10016,Warning,WEB-PAGOS-01,The application-specific permission settings do not grant Local Activation permission for the COM Server application with CLSID {2593F8B9-4EAF-457C-B68A-50F6B8EA6B54} to the user NT AUTHORITY\LOCAL SERVICE SID (S-1-5-19).
